doi,paper_title,year,journal,first_author,authors,publisher,issn,cited_by_count,crossref_type
10.1016/j.jwpe.2024.106185,,2024,Journal of Water Process Engineering,Abdul Gaffar Sheik,Abdul Gaffar Sheik; Muneer Ahmad Malla; Chandra Sainadh Srungavarapu; Ameer Khan Patan; Sheena Kumari; Faizal Bux,Elsevier BV,2214-7144,16,
10.1002/wer.10932,,2023,Water Environment Research,Suresh Kumar,Suresh Kumar; Vikramaditya Sangwan; Munish Kumar; Shweta Shweta; Shivani Shivani; Manoj Kumar; Surinder Deswal,Wiley,1061-4303,6,
10.1007/s10311-023-01602-5,,2023,Environmental Chemistry Letters,Si Li,Si Li; Guocheng Zhu; Xiaoshang Li; Peng Wan; Fang Yuan; Shanshan Xu; Andrew S. Hursthouse,Springer Science and Business Media LLC,1610-3653,10,
10.1016/j.envres.2024.120108,,2024,Environmental Research,Jie Zhang,Jie Zhang; Zeqing Long; Zhijun Ren; Weichao Xu; Zhi Sun; He Zhao; Guangming Zhang; Wenfang Gao,Elsevier BV,0013-9351,7,
10.1016/j.ifacol.2022.11.010,,2022,IFAC-PapersOnLine,Aycan Sapmaz,Aycan Sapmaz; Sena Kurban; Asena Gulter Dundar; Deren Atac Yılmaz; Gizem Kusoglu Kaya,Elsevier BV,2405-8963,4,
10.1007/s11783-024-1791-x,,2023,Frontiers of Environmental Science &amp; Engineering,Junchen Li,Junchen Li; Sijie Lin; Liang Zhang; Yuheng Liu; Yongzhen Peng; Qing Hu,Springer Science and Business Media LLC,2095-2201,17,
10.1109/access.2020.3032531,,2020,IEEE Access,Jianhui Wang,Jianhui Wang; Keyi Wan; Xu Gao; Xuhong Cheng; Yu Shen; Zheng Wen; Usman Tariq; Md. Jalil Piran,Institute of Electrical and Electronics Engineers (IEEE),2169-3536,34,
10.11591/eei.v9i5.2264,,2020,Bulletin of Electrical Engineering and Informatics,Nur Sakinah Ahmad Yasmin,Nur Sakinah Ahmad Yasmin; Norhaliza Abdul Wahab; Aznah Nor Anuar,Institute of Advanced Engineering and Science,2302-9285,8,
10.1109/tai.2023.3347182,,2024,IEEE Transactions on Artificial Intelligence,Dingyuan Chen,Dingyuan Chen; Cuili Yang; Junfei Qiao,Institute of Electrical and Electronics Engineers (IEEE),2691-4581,13,
10.1109/access.2021.3123225,,2021,IEEE Access,Xin Liu,Xin Liu; Qiming Shi; Zhen Liu; Jia Yuan,Institute of Electrical and Electronics Engineers (IEEE),2169-3536,54,
10.1109/ichora65333.2025.11017189,,2025,"2025 7th International Congress on Human-Computer Interaction, Optimization and Robotic Applications (ICHORA)",Ismaila Abubakar Bobboi,Ismaila Abubakar Bobboi; Kamil Dimililer,IEEE,,1,
10.1109/access.2025.3576826,,2025,IEEE Access,Md. Jahid Hasan Mridha,Md. Jahid Hasan Mridha; Md. Mehedi Hossain; Sazid Md. Imran; Sk Ayub Al Wahid; Anika Tahsin; Md. Golam Rabiul Alam; Ashis Talukder; Ahmed Wasif Reza,Institute of Electrical and Electronics Engineers (IEEE),2169-3536,1,
10.11591/ijai.v12.i2.pp560-567,,2023,IAES International Journal of Artificial Intelligence (IJ-AI),Oscar Ivan Vargas Mora,Oscar Ivan Vargas Mora; Daiam Camilo Parrado Nieto; Jairo David Cuero Ortega; Javier Eduardo Martinez Baquero; Robinson Jimenez Moreno,Institute of Advanced Engineering and Science,2252-8938,1,
10.15376/biores.19.2.2179-2200,,2024,BioResources,Raid Alrowais,Raid Alrowais; Mahmoud M. Abdel daiem; Ahmed M. Helmi; Basheer M. Nasef; Ananda Rao Hari; Pascal Saikaly; Noha Said,BioResources,1930-2126,6,
10.2166/wpt.2023.197,,2023,Water Practice &amp; Technology,Feras A. Batarseh,Feras A. Batarseh; Ajay Kulkarni; Chhayly Sreng; Justice Lin; Siam Maksud,IWA Publishing,1751-231X,13,
10.1021/acs.iecr.3c00275,,2023,Industrial &amp; Engineering Chemistry Research,Henry J. Tanudjaja,Henry J. Tanudjaja; Angie Qi Qi Ng; Jia Wei Chew,American Chemical Society (ACS),0888-5885,15,
10.1155/2022/5134013,,2022,Scientific Programming,Narendar Singh D,Narendar Singh D; Murugamani C; Pravin R. Kshirsagar; Vineet Tirth; Saiful Islam; Sana Qaiyum; Suneela B; Mesfer Al Duhayyim; Yosef Asrat Waji,Wiley,1875-919X,28,
10.1016/j.renene.2024.121347,,2024,Renewable Energy,Uyiosa Osagie Aigbe,Uyiosa Osagie Aigbe; Kingsley Eghonghon Ukhurebor; Adelaja Otolorin Osibote; Mohamed A. Hassaan; Ahmed El Nemr,Elsevier BV,0960-1481,25,
10.1016/j.desal.2024.117951,,2024,Desalination,Yang Zhou,Yang Zhou; Nora Marki; Bilal Khan; Christian Aguilar; Yakubu Jarma; Yoram Cohen,Elsevier BV,0011-9164,7,
10.1155/2022/6397478,,2022,Scientific Programming,Liping Chen,Liping Chen; Ruichuan Zhao; Wenzheng Wu,Wiley,1875-919X,1,
10.1186/s40168-023-01519-9,,2023,Microbiome,Xiaonan Liu,Xiaonan Liu; Yong Nie; Xiao-Lei Wu,Springer Science and Business Media LLC,2049-2618,45,
10.1016/j.eng.2020.07.027,,2021,Engineering,Zihao Zhao,Zihao Zhao; Zihao Wang; Jialuo Yuan; Jun Ma; Zheling He; Yilan Xu; Xiaojia Shen; Liang Zhu,Elsevier BV,2095-8099,26,
10.1088/1755-1315/926/1/012048,,2021,IOP Conference Series: Earth and Environmental Science,Y Muharni,Y Muharni; Kulsum; A Denisa; Hartono,IOP Publishing,1755-1307,1,
10.1016/j.jenvman.2024.121907,,2024,Journal of Environmental Management,Dong Li,Dong Li; Chunhua Yang; Yonggang Li; Yan Chen; Daoping Huang; Yiqi Liu,Elsevier BV,0301-4797,6,
10.1088/2631-8695/ae1dc9,,2025,Engineering Research Express,Anqi Fu,Anqi Fu; Tianyu An; Wenjing Li; Junfei Qiao,IOP Publishing,2631-8695,1,
10.14569/ijacsa.2018.090153,,2018,International Journal of Advanced Computer Science and Applications,Hajer Degachi,Hajer Degachi; Wassila Chagra; Moufida Ksouri,The Science and Information Organization,2156-5570,2,
10.1016/j.jenvman.2024.123680,,2025,Journal of Environmental Management,Jani Tomperi,Jani Tomperi; Aki Sorsa; Jari Ruuska; Mika Ruusunen,Elsevier BV,0301-4797,2,
10.11113/mjfas.v15n2.1104,,2019,Malaysian Journal of Fundamental and Applied Sciences,Munirat Abolure Idris,Munirat Abolure Idris; Mohammed Saedi Jami; Ademola Monsur Hammed,Penerbit UTM Press,2289-599X,1,
10.1108/agjsr-07-2022-0129,,2023,Arab Gulf Journal of Scientific Research,Hussein Y.H. Alnajjar,Hussein Y.H. Alnajjar; Osman Üçüncü,Emerald,1985-9899,2,
10.1109/tim.2022.3152856,,2022,IEEE Transactions on Instrumentation and Measurement,Chun Fai Lui,Chun Fai Lui; Yiqi Liu; Min Xie,Institute of Electrical and Electronics Engineers (IEEE),0018-9456,152,
10.1016/j.watres.2023.119650,,2023,Water Research,M. Schwarz,M. Schwarz; J. Trippel; M. Engelhart; M. Wagner,Elsevier BV,0043-1354,11,
10.1021/acsestengg.2c00156,,2022,ACS ES&amp;T Engineering,Kuanliang Feng,Kuanliang Feng; Zihao Zhao; Mengyan Li; Luling Tian; Tong An; Jiawei Zhang; Xiangyang Xu; Liang Zhu,American Chemical Society (ACS),2690-0645,23,
10.1016/j.solener.2023.06.007,,2023,Solar Energy,Pooria Behnam,Pooria Behnam; Masoumeh Zargar; Abdellah Shafieian; Amir Razmjou; Mehdi Khiadani,Elsevier BV,0038-092X,12,
10.11591/ijai.v9.i1.pp117-125,,2020,IAES International Journal of Artificial Intelligence (IJ-AI),Syahira Ibrahim,Syahira Ibrahim; Norhaliza Abdul Wahab; Fatimah Sham Ismail; Yahaya Md Sam,Institute of Advanced Engineering and Science,2252-8938,6,
10.1038/s41545-024-00361-2,,2024,npj Clean Water,Jie Hu,Jie Hu; Ran Yin; Jinfeng Wang; Hongqiang Ren,Springer Science and Business Media LLC,2059-7037,13,
10.1016/j.rineng.2025.106879,,2025,Results in Engineering,De-Yang Show,De-Yang Show; Hui Guo; Zi-Han Ling; Jun Zhang; Zheng-Jun Zhai; Ding-Lei Zhong; Log-Ling Lee; Duu-Jong Lee; Kuan-Yeow Show,Elsevier BV,2590-1230,3,
10.1016/j.jwpe.2025.108734,,2025,Journal of Water Process Engineering,David Abert-Fernández,David Abert-Fernández; Ester Aguilera; Pere Emiliano; Fernando Valero; Hèctor Monclús,Elsevier BV,2214-7144,1,
10.1016/j.watres.2023.121018,,2024,Water Research,Zilin Li,Zilin Li; Haixing Liu; Chi Zhang; Guangtao Fu,Elsevier BV,0043-1354,103,
10.2166/aqua.2023.218,,2023,"AQUA — Water Infrastructure, Ecosystems and Society",Grigorios Kyritsakas,Grigorios Kyritsakas; Joseph B. Boxall; Vanessa L. Speight,IWA Publishing,2709-8028,8,
10.12785/ijcds/1401113,,2023,International Journal of Computing and Digital Systems,Fuad Musleh,Fuad Musleh,Deanship of Scientific Research,2210-142X,5,
10.12913/22998624/192936,,2024,Advances in Science and Technology Research Journal,Patryk Organiściak,Patryk Organiściak; Adam Andrzej Masłoń; Bartosz Kowal; Paweł Kuraś; Bartosz Wadiak; Sylwia Sikorska-Czupryna; Veronika Vanivska,WNGB Scientific Publishing House Sp. z o.o.,2080-4075,3,
10.15244/pjoes/169617,,2023,Polish Journal of Environmental Studies,Xianjun Du,Xianjun Du; Yanping Yao,HARD Publishing Company,1230-1485,2,
10.1109/icces63552.2024.10859485,,2024,2024 9th International Conference on Communication and Electronics Systems (ICCES),Pongiannan R.K.,Pongiannan R.K.; Akash Sivakumar; Shivain Kohli; Poornima P.U.; Lourde Jame S.; Pemila. M,IEEE,,2,
10.1007/s10994-023-06413-x,,2023,Machine Learning,Muhammad Kamran Janjua,Muhammad Kamran Janjua; Haseeb Shah; Martha White; Erfan Miahi; Marlos C. Machado; Adam White,Springer Science and Business Media LLC,0885-6125,1,
10.1109/icnsc48988.2020.9238099,,2020,"2020 IEEE International Conference on Networking, Sensing and Control (ICNSC)",Kai Qian,Kai Qian; Jie Jiang; Yulong Ding; Shuanghua Yang,IEEE,,19,
10.1016/j.jwpe.2025.108539,,2025,Journal of Water Process Engineering,Dongju Kim,Dongju Kim; Jong Pil Yun; Taehan Lee; Daewoong Jung; Hong-In Won,Elsevier BV,2214-7144,2,
10.1021/acs.est.5c04143,,2025,Environmental Science &amp; Technology,Jie Hu,Jie Hu; Ran Yin; Yao Pan; Jinfeng Wang; Hongqiang Ren,American Chemical Society (ACS),0013-936X,8,
10.1016/j.envsoft.2025.106443,,2025,Environmental Modelling &amp; Software,Xurxo Rigueira,Xurxo Rigueira; David Olivieri; Maria Araujo; Angeles Saavedra; Maria Pazo,Elsevier BV,1364-8152,2,
10.1016/j.seppur.2023.124627,,2023,Separation and Purification Technology,Sarah Almahfoodh,Sarah Almahfoodh; Adnan Qamar; Sarah Kerdi; Noreddine Ghaffour,Elsevier BV,1383-5866,11,
10.1109/nigercon62786.2024.10927288,,2024,2024 IEEE 5th International Conference on Electro-Computing Technologies for Humanity (NIGERCON),Obafemi O. Olatunji,Obafemi O. Olatunji; Paul A. Adedeji; Nickey Jan van Rensburg; Nkosinathi Madushele,IEEE,,2,
10.1021/acs.est.4c12835,,2025,Environmental Science &amp; Technology,Yunyi Zhu,Yunyi Zhu; Yuan Wang; Elisabeth Zhu; Zeyu Ma; Hanchen Wang; Chunsheng Chen; Jing Guan; T. David Waite,American Chemical Society (ACS),0013-936X,20,
10.1186/s12302-024-00914-9,,2024,Environmental Sciences Europe,Syed Muzzamil Hussain Shah,Syed Muzzamil Hussain Shah; Sani I. Abba; Mohamed A. Yassin; Dahiru U. Lawal; Farouq Aliyu; Ebrahim Hamid Hussein Al-Qadami; Haris U. Qureshi; Isam H. Aljundi; Hamza A. Asmaly; Saad Sh. Sammen; Miklas Scholz,Springer Science and Business Media LLC,2190-4715,6,
10.1002/wer.11139,,2024,Water Environment Research,Sergi Baena‐Miret,Sergi Baena‐Miret; Marta Alet Puig; Rafael Bardisa Rodes; Laura Bonastre Farran; Santiago Durán; Marta Ganzer Martí; Eduardo Martínez‐Gomariz; Antonio Carrasco Valverde,Wiley,1061-4303,6,
10.15255/kui.2021.001,,2021,Kemija u industriji,Hichem Tahraoui,Hichem Tahraoui; Abd Elmouneïm Belhadj; Nassim Moula; Saliha Bouranene; Abdeltif Amrane,Croatian Society of Chemical Engineers/HDKI,1334-9090,7,
10.2166/aqua.2021.091,,2021,Journal of Water Supply: Research and Technology-Aqua,Z. Y. Wu,Z. Y. Wu; A. Chew; X. Meng; J. Cai; J. Pok; R. Kalfarisi; K. C. Lai; S. F. Hew; J. J. Wong,IWA Publishing,0003-7214,19,
10.1016/j.energy.2022.126449,,2023,Energy,Daniel Jia Sheng Chong,Daniel Jia Sheng Chong; Yi Jing Chan; Senthil Kumar Arumugasamy; Sara Kazemi Yazdi; Jun Wei Lim,Elsevier BV,0360-5442,89,
10.2166/aqua.2023.007,,2023,"AQUA — Water Infrastructure, Ecosystems and Society",Haiyan Lu,Haiyan Lu; Ao Ding; Yi Zheng; Jiping Jiang; Jingjie Zhang; Zhidong Zhang; Peng Xu; Xue Zhao; Feng Quan; Chuanzi Gao; Shijie Jiang; Rui Xiong; Yunlei Men; Liangsheng Shi,IWA Publishing,2709-8028,12,
10.1038/s41598-023-34657-z,,2023,Scientific Reports,Hossein Karimi,Hossein Karimi; Farzaneh Mohammadi; Saeed Rajabi; Amir Hossein Mahvi; Ghader Ghanizadeh,Springer Science and Business Media LLC,2045-2322,14,
10.1109/gitcon65266.2025.11376980,,2025,2025 Global Conference on Information Technology and Communication Networks (GITCON),D. Muthukumaran,D. Muthukumaran; Sujitha R; M. Muthulekshmi; Ganne Naga Sujini; T.M. Nithya; Vasantharaj S,IEEE,,0,
10.2166/wrd.2023.179,,2023,Water Reuse,D. Ramkumar,D. Ramkumar; V. Jothiprakash,IWA Publishing,2709-6092,1,
10.1155/2023/2871769,,2023,International Journal of Chemical Engineering,Lingga Aksara Putra,Lingga Aksara Putra; Bernhard Huber; Matthias Gaderer,Wiley,1687-8078,2,
10.1109/colcaci67437.2025.11230782,,2025,2025 IEEE Colombian Conference on Applications of Computational Intelligence (ColCACI),Laura Hernández Alpízar,Laura Hernández Alpízar; Josè Andrès Gómez Mejía,IEEE,,0,
10.1039/d2ra06952k,,2023,RSC Advances,Meng Xia,Meng Xia; Ruifang Yang; Gaofang Yin; Xiaowei Chen; Jingsong Chen; Nanjing Zhao,Royal Society of Chemistry (RSC),2046-2069,24,
10.1016/j.jenvman.2025.126144,,2025,Journal of Environmental Management,Gamze Ersan,Gamze Ersan; Eda Goz; Tanju Karanfil,Elsevier BV,0301-4797,2,
10.1109/ccdc.2019.8832519,,2019,2019 Chinese Control And Decision Conference (CCDC),Binbin Chi,Binbin Chi; Longhang Guo,IEEE,,4,
10.1109/access.2022.3216924,,2022,IEEE Access,Yue Zhang,Yue Zhang; Genki Suzuki; Hiroyuki Shioya,Institute of Electrical and Electronics Engineers (IEEE),2169-3536,11,
10.1016/j.watres.2023.120075,,2023,Water Research,Eva Reynaert,Eva Reynaert; Philipp Steiner; Qixing Yu; Lukas D'Olif; Noah Joller; Mariane Y. Schneider; Eberhard Morgenroth,Elsevier BV,0043-1354,17,
10.14419/drek9d11,,2025,International Journal of Basic and Applied Sciences,Srinivasa Chanakya Muramshetti,Srinivasa Chanakya Muramshetti; Kishore Konel; R. Murugadoss; Vairavel Madeshwaren,Science Publishing Corporation,2227-5053,0,
10.1016/j.jhydrol.2020.125574,,2020,Journal of Hydrology,Huachang Hong,Huachang Hong; Zhiying Zhang; Aidi Guo; Liguo Shen; Hongjie Sun; Yan Liang; Fuyong Wu; Hongjun Lin,Elsevier BV,0022-1694,140,
10.1021/acsestengg.3c00368,,2023,ACS ES&amp;T Engineering,Xiaoshi Cheng,Xiaoshi Cheng; Runze Xu; Yang Wu; Baiyang Tang; Yuting Luo; Wenxuan Huang; Feng Wang; Shiyu Fang; Qian Feng; Yu Cheng; Song Cheng; Jingyang Luo,American Chemical Society (ACS),2690-0645,12,
10.1039/c9ra06609h,,2019,RSC Advances,Zhe Li,Zhe Li; Shunhao Huang; Juan Chen,Royal Society of Chemistry (RSC),2046-2069,7,
10.1016/j.rineng.2025.104626,,2025,Results in Engineering,Usman M. Ismail,Usman M. Ismail; Khalid Bani-Melhem; Muhammad Faizan Khan; Haitham Elnakar,Elsevier BV,2590-1230,22,
10.18178/ijesd.2017.8.7.1004,,2017,International Journal of Environmental Science and Development,Bharat B. Gulyani,Bharat B. Gulyani; Arshia Fathima,EJournal Publishing,2010-0264,6,
10.1080/00986445.2024.2321447,,2024,Chemical Engineering Communications,Wan Sieng Yeo,Wan Sieng Yeo; Shaula Japarin,Informa UK Limited,0098-6445,3,
10.1039/d3ew00181d,,2023,Environmental Science: Water Research &amp; Technology,Dongsheng Wang,Dongsheng Wang; Le Chen; Taiyang Li; Xiao Chang; Kaiwei Ma; Weihong You; Chaoqun Tan,Royal Society of Chemistry (RSC),2053-1400,8,
10.17979/spudc.9788497497565.0621,,2020,"Actas de las XXXIX Jornadas de Automática, Badajoz, 5-7 de Septiembre de 2018",Ivan Pisa,Ivan Pisa; Ignacio Santín; José López Vicario; Antonio Morell; Ramón Vilanova,Universidade da Coruña. Servizo de Publicacións,,6,
10.1016/j.memsci.2025.124346,,2025,Journal of Membrane Science,Mehryar Jafari,Mehryar Jafari; Christina Tzirtzipi; Ali Molaei Aghdam; Nima Mikaeili Chahartagh; Bernardo Castro Dominguez,Elsevier BV,0376-7388,7,
10.1016/j.jwpe.2023.104048,,2023,Journal of Water Process Engineering,Sebastian O.N. Topalian,Sebastian O.N. Topalian; Pedram Ramin; Kasper Kjellberg; Christian Kazadi Mbamba; Damien J. Batstone; Krist V. Gernaey; Xavier Flores-Alsina,Elsevier BV,2214-7144,2,
10.1016/j.jenvman.2025.126648,,2025,Journal of Environmental Management,Zhe Liu,Zhe Liu; Jie Lei; Rushuo Yang; Linshan Cheng; Ying Du; Yuhang Zhang; Jiaxuan Wang; Yongjun Liu,Elsevier BV,0301-4797,2,
10.1109/southeastcon56624.2025.10971455,,2025,SoutheastCon 2025,Justin Logan,Justin Logan; Nicole Roberts; Michael Smith,IEEE,,1,
10.1155/2020/6347625,,2020,Journal of Control Science and Engineering,Yousuf Babiker M. Osman,Yousuf Babiker M. Osman; Wei Li,Wiley,1687-5249,17,
10.1109/access.2021.3094466,,2021,IEEE Access,Giup Seo,Giup Seo; Seungwook Yoon; Myungsun Kim; Changho Mun; Euiseok Hwang,Institute of Electrical and Electronics Engineers (IEEE),2169-3536,35,
10.1016/j.engappai.2020.103822,,2020,Engineering Applications of Artificial Intelligence,Raymond Houé Ngouna,Raymond Houé Ngouna; Romy Ratolojanahary; Kamal Medjaher; Fabien Dauriac; Mathieu Sebilo; Jean Junca-Bourié,Elsevier BV,0952-1976,22,
10.1155/2020/2734135,,2020,BioMed Research International,Khairunnisa’ Mohd Zin,Khairunnisa’ Mohd Zin; Mohd Izuan Effendi Halmi; Siti Salwa Abd Gani; Uswatun Hasanah Zaidan; A. Wahid Samsuri; Mohd Yunus Abd Shukor,Wiley,2314-6133,36,
10.11591/eei.v8i4.1605,,2019,Bulletin of Electrical Engineering and Informatics,Nur Sakinah Ahmad Yasmin,Nur Sakinah Ahmad Yasmin; Norhaliza Abdul Wahab; Aznah Nor Anuar; Mustafa Bob,Institute of Advanced Engineering and Science,2302-9285,3,
10.1109/access.2020.3030820,,2020,IEEE Access,Tuoyuan Cheng,Tuoyuan Cheng; Fouzi Harrou; Farid Kadri; Ying Sun; Torove Leiknes,Institute of Electrical and Electronics Engineers (IEEE),2169-3536,115,
10.1021/acs.iecr.3c03067,,2023,Industrial &amp; Engineering Chemistry Research,Jing Wu,Jing Wu; Lili Tang; Shaoqin Jin; Xuan Li; Huan Liu; Dong Li; Yiqi Liu; Qilin Wang,American Chemical Society (ACS),0888-5885,3,
10.1016/j.engappai.2024.107992,,2024,Engineering Applications of Artificial Intelligence,Esmaeel Mohammadi,Esmaeel Mohammadi; Mikkel Stokholm-Bjerregaard; Aviaja Anna Hansen; Per Halkjær Nielsen; Daniel Ortiz-Arroyo; Petar Durdevic,Elsevier BV,0952-1976,20,
10.1007/s10661-024-12467-8,,2024,Environmental Monitoring and Assessment,Taskeen Hasrod,Taskeen Hasrod; Yannick B. Nuapia; Hlanganani Tutu,Springer Science and Business Media LLC,0167-6369,11,
10.12989/mwt.2018.9.2.115,,,,,,,,,
10.1109/cac57257.2022.10055712,,2022,2022 China Automation Congress (CAC),Yiqi Liu,Yiqi Liu; Jingyi Yuan; Daoping Huang,IEEE,,1,
10.1016/j.jwpe.2025.108420,,2025,Journal of Water Process Engineering,Jiatong Wang,Jiatong Wang; Wenyuan Bai; Kashem Muttaqi; Danny Sutanto,Elsevier BV,2214-7144,5,
10.1016/j.dwt.2025.101451,,2025,Desalination and Water Treatment,Jiajun Huang,Jiajun Huang; Lijun Zhang,Elsevier BV,1944-3986,0,
10.1038/s41598-024-53746-1,,2024,Scientific Reports,Daniele Biagio Laucelli,Daniele Biagio Laucelli; Laura Enríquez; Juan Saldarriaga; Orazio Giustolisi,Springer Science and Business Media LLC,2045-2322,4,
10.1038/s41598-025-15155-w,,2025,Scientific Reports,Mahyar Kalhormohammadi,Mahyar Kalhormohammadi; Sanaz Khoramipour,Springer Science and Business Media LLC,2045-2322,2,
10.1038/s41545-025-00510-1,,2025,npj Clean Water,Yu-Qi Wang,Yu-Qi Wang; Wenchong Tian; Hao-Lin Yang; Yun-Peng Song; Jia-Ji Chen; Qiong-Ying Xu; Wan-Xin Yin; Le-Qi Ding; Xi-Qi Li; Han-Tao Wang; Ai-Jie Wang; Hong-Cheng Wang,Springer Science and Business Media LLC,2059-7037,2,
10.1002/wer.10893,,2023,Water Environment Research,Jiasi Sun,Jiasi Sun; Yanran Xu; Shaker Nairat; Jianpeng Zhou; Zhen He,Wiley,1061-4303,23,
10.1016/j.memsci.2025.124133,,2025,Journal of Membrane Science,Sadaf Saeedi Garakani,Sadaf Saeedi Garakani; Jia Wei Chew,Elsevier BV,0376-7388,17,
10.1109/access.2019.2939289,,2019,IEEE Access,Hongchao Cheng,Hongchao Cheng; Yiqi Liu; Daoping Huang; Bin Liu,Institute of Electrical and Electronics Engineers (IEEE),2169-3536,21,
10.1016/j.jenvman.2025.124814,,2025,Journal of Environmental Management,Moonil Kim,Moonil Kim; Dokyun Kim; Chul Park; Minkyung Kim; Wonbae Lee; Fenghao Cui,Elsevier BV,0301-4797,1,
10.12911/22998993/138872,,2021,Journal of Ecological Engineering,Hadeel Al Saleh,Hadeel Al Saleh,WNGB Scientific Publishing House Sp. z o.o.,2299-8993,15,
10.18517/ijaseit.10.1.9577,,2020,"International Journal on Advanced Science, Engineering and Information Technology",Ledis Heru Saryono Putro,Ledis Heru Saryono Putro; Dedik Budianta; Dedi Rohendi; Amin Rejo,Insight Society,2460-6952,3,
10.14428/esann/2023.es2023-133,,2023,ESANN 2023 proceesdings,Alberto Meola,Alberto Meola; Sören Weinrich,Ciaco - i6doc.com,,3,
10.1016/j.mlwa.2023.100475,,2023,Machine Learning with Applications,Muhammad Ghifari Ridwan,Muhammad Ghifari Ridwan; Thomas Altmann; Ahmed Yousry; Ratul Das,Elsevier BV,2666-8270,5,
10.1109/access.2023.3292543,,2023,IEEE Access,Zohaib Ahmad,Zohaib Ahmad; Tariq Mahmood; Teg Alam; Amjad Rehman; Tanzila Saba,Institute of Electrical and Electronics Engineers (IEEE),2169-3536,9,
10.1016/j.biortech.2024.131362,,2024,Bioresource Technology,Jian Chen,Jian Chen; Jinquan Wan; Gang Ye; Yan Wang,Elsevier BV,0960-8524,22,
10.1021/acsestwater.4c00473,,2024,ACS ES&amp;T Water,Matteo Tagliavini,Matteo Tagliavini; Shane A. Snyder,American Chemical Society (ACS),2690-0637,5,
10.1109/access.2019.2950852,,2019,IEEE Access,Ivan Pisa,Ivan Pisa; Ignacio Santin; Antoni Morell; Jose Lopez Vicario; Ramon Vilanova,Institute of Electrical and Electronics Engineers (IEEE),2169-3536,63,
10.1039/d3ew00829k,,2024,Environmental Science: Water Research &amp; Technology,K. Ramakrishna Kini,K. Ramakrishna Kini; Fouzi Harrou; Muddu Madakyaru; Ying Sun,Royal Society of Chemistry (RSC),2053-1400,9,
10.2166/wqrj.2024.061,,2024,Water Quality Research Journal,Itzel Luviano Soto,Itzel Luviano Soto; Yajaira Concha Sánchez; Alfredo Raya,IWA Publishing,2709-8044,10,
10.1039/d3va00170a,,2024,Environmental Science: Advances,Mazen S. Hamada,Mazen S. Hamada; Hossam Adel Zaqoot; Waqar Ahmed Sethar,Royal Society of Chemistry (RSC),2754-7000,34,
10.1093/jigpal/jzaf035,,2026,Logic Journal of the IGPL,Míriam Timiraos,Míriam Timiraos; Manuel Rubiños; Marta-MarÍa Álvarez-Crespo; Óscar Fontenla-Romero; José Luis Calvo-Rolle,Oxford University Press (OUP),1367-0751,0,
10.1021/acs.est.5c05051,,2025,Environmental Science &amp; Technology,Muzammil Khan,Muzammil Khan; K. C. Surendra; Sachita Baniya; Jay H. Rhymer; Samir Kumar Khanal,American Chemical Society (ACS),0013-936X,8,
10.2166/wrd.2023.154,,2023,Water Reuse,L. Syam Sundar,L. Syam Sundar; Hamad Almujibah; Abdullah H. Alshahri; Venkata Ramayya Ancha,IWA Publishing,2709-6092,4,
10.1061/joeedu.eeeng-7997,,2025,Journal of Environmental Engineering,Wanjie Ding,Wanjie Ding; Zhao Liu; Xiaohong Wang,American Society of Civil Engineers (ASCE),0733-9372,3,
10.15244/pjoes/132821,,2021,Polish Journal of Environmental Studies,Rui Wang,Rui Wang; Zhicheng Pan; Yangwu Chen; Zhouliang Tan; Jianqiang Zhang,HARD Publishing Company,1230-1485,22,
10.1109/ecbios57802.2023.10218420,,2023,"2023 IEEE 5th Eurasia Conference on Biomedical Engineering, Healthcare and Sustainability (ECBIOS)",Chin-Chih Chang,Chin-Chih Chang; Chi-Hung Wei; Min-Tien Lin; Sz-Chwun John Hwang,IEEE,,8,
10.1080/03067319.2020.1849663,,2020,International Journal of Environmental Analytical Chemistry,Somayeh Golbaz,Somayeh Golbaz; Ramin Nabizadeh; Mohammad Rafiee; Mahmood Yousefi,Informa UK Limited,0306-7319,29,
10.1016/j.jenvman.2023.119900,,2024,Journal of Environmental Management,Zeyu Wang,Zeyu Wang; Hongliang Dai; Beiyue Chen; Sichao Cheng; Yang Sun; Jinkun Zhao; Zechong Guo; Xingwei Cai; Xingang Wang; Bing Li; Hongya Geng,Elsevier BV,0301-4797,13,
10.1007/s11227-022-04827-3,,2022,The Journal of Supercomputing,Jianying Huang,Jianying Huang; Seunghyeok Yang; Jinhui Li; Jeill Oh; Hoon Kang,Springer Science and Business Media LLC,0920-8542,21,
10.1109/tase.2025.3584762,,2025,IEEE Transactions on Automation Science and Engineering,Ruyue Yang,Ruyue Yang; Ding Wang; Junfei Qiao,Institute of Electrical and Electronics Engineers (IEEE),1545-5955,4,
10.1155/2020/5392417,,2020,Complexity,Jun Zhang,Jun Zhang; Da-Yong Luo,Wiley,1076-2787,2,
10.2166/hydro.2024.167,,2024,Journal of Hydroinformatics,Siddharth Seshan,Siddharth Seshan; Dirk Vries; Jasper Immink; Alex van der Helm; Johann Poinapen,IWA Publishing,1464-7141,21,
10.1007/s43615-023-00329-3,,2023,Circular Economy and Sustainability,Anthony Njuguna Matheri,Anthony Njuguna Matheri; Zanele Blessed Sithole; Belaid Mohamed,Springer Science and Business Media LLC,2730-597X,2,
10.1039/d5ra00933b,,2025,RSC Advances,Jingwei Li,Jingwei Li; Jia Liu; Iqbal Muhammad Tauqeer; Zhiyu Shao,Royal Society of Chemistry (RSC),2046-2069,2,
10.1109/access.2019.2956494,,2019,IEEE Access,Fangyi Wan,Fangyi Wan; Gaodeng Guo; Chunlin Zhang; Qing Guo; Jie Liu,Institute of Electrical and Electronics Engineers (IEEE),2169-3536,44,
10.1109/smc58881.2025.11342533,,2025,"2025 IEEE International Conference on Systems, Man, and Cybernetics (SMC)",Yingrui Geng,Yingrui Geng; Zenghui Wang; Mingcong Deng; Lin Meng,IEEE,,0,
10.1038/s41545-021-00108-3,,2021,npj Clean Water,Peter Hammond,Peter Hammond; Michael Suttie; Vaughan T. Lewis; Ashley P. Smith; Andrew C. Singer,Springer Science and Business Media LLC,2059-7037,36,
10.1108/meq-12-2019-0281,,2020,Management of Environmental Quality: An International Journal,Mohamed Turki,Mohamed Turki; Hamden Zahrani; Meriem Ayadi; Monem Kallel; Jalel Bouzid,Emerald,1477-7835,1,
10.1021/acsestengg.1c00316,,2022,ACS ES&amp;T Engineering,Jie Li,Jie Li; Le Zhang; Chunxing Li; Hailin Tian; Jing Ning; Jingxin Zhang; Yen Wah Tong; Xiaonan Wang,American Chemical Society (ACS),2690-0645,85,
10.2166/wrd.2023.046,,2023,Water Reuse,Jyoti Chauhan,Jyoti Chauhan; R. M. Rani; Vempaty Prashanthi; Hamad Almujibah; Abdullah Alshahri; Koppula Srinivas Rao; Arun Radhakrishnan,IWA Publishing,2709-6092,7,
10.1109/ie61493.2024.10599915,,2024,2024 International Conference on Intelligent Environments (IE),Marco Cardia,Marco Cardia; Stefano Chessa; Alessio Micheli; Antonella Giuliana Luminare; Massimiliano Franceschi; Francesca Gambineri,IEEE,,1,
10.1021/acs.est.5c06257,,2025,Environmental Science &amp; Technology,Haojie Ding,Haojie Ding; Ning Hao; Qilin Cao; Shengqiang Hei; Xu Zhong; Shuai Liang; Xia Huang,American Chemical Society (ACS),0013-936X,6,
10.11159/iceptp23.160,,2023,"World Congress on Civil, Structural, and Environmental Engineering",Marco Cardia,Marco Cardia; Stefano Chessa; Massimiliano Franceschi; Francesca Gambineri; Alessio Micheli,Avestia Publishing,2371-5294,7,
10.1088/1755-1315/1136/1/012047,,2023,IOP Conference Series: Earth and Environmental Science,Ehsan Kazemi,Ehsan Kazemi; Grigorios Kyritsakas; Stewart Husband; Katrina Flavell; Vanessa Speight; Joby Boxall,IOP Publishing,1755-1307,2,
10.1109/access.2020.3028683,,2020,IEEE Access,Hongbin Liu,Hongbin Liu; Chen Xin; Hao Zhang; Fengshan Zhang; Mingzhi Huang,Institute of Electrical and Electronics Engineers (IEEE),2169-3536,21,
10.1016/j.jwpe.2024.105772,,2024,Journal of Water Process Engineering,Sama Al-Ani,Sama Al-Ani; Hui Guo; Sheila Fyfe; Zebo Long; Sylvain Donnaz; Younggy Kim,Elsevier BV,2214-7144,9,
10.1016/j.dwt.2025.101386,,2025,Desalination and Water Treatment,Kamil Kayode Katibi,Kamil Kayode Katibi; Azimov Abdugani Mutalovich; Nazmi Mat Nawi; Gani M. Iztleuov; Marat I. Sataev; Muhammad Adib Mohd Nasir,Elsevier BV,1944-3986,2,
10.1007/s44163-025-00728-5,,2025,Discover Artificial Intelligence,Bestami Özkaya,Bestami Özkaya; Faruk Dikmen; Ahmet Demir; Muhammad Owais Raza; Shtwai Alsubai; Onur Osman; Jawad Rasheed,Springer Science and Business Media LLC,2731-0809,0,
10.1061/joeedu.eeeng-7969,,2025,Journal of Environmental Engineering,Jie Zhang,Jie Zhang; Noah Tylor; Wen Zhao; Ran Rui; Charlie He,American Society of Civil Engineers (ASCE),0733-9372,2,
10.1007/s40747-021-00395-w,,2021,Complex &amp; Intelligent Systems,Lu Lu,Lu Lu; Hui Zheng; Jing Jie; Miao Zhang; Rui Dai,Springer Science and Business Media LLC,2199-4536,57,
10.13189/eer.2023.110305,,2023,Environment and Ecology Research,A. Chaoui,A. Chaoui; W. Elkhoumsi; M. Laaouan; R. Bourziza; K. Sebari,"Horizon Research Publishing Co., Ltd.",2331-625X,0,
10.1016/j.scitotenv.2022.155070,,2022,Science of The Total Environment,Jungsu Park,Jungsu Park; Woo Hyoung Lee; Keug Tae Kim; Cheol Young Park; Sanghun Lee; Tae-Young Heo,Elsevier BV,0048-9697,202,
10.1109/iet-iceta56553.2022.9971667,,2022,2022 IET International Conference on Engineering Technologies and Applications (IET-ICETA),Dennis Jefferson A. Amora,Dennis Jefferson A. Amora; Joesmart V. Apan; David Noel C. Layosa; Reimart C. Sarmiento; Jericho J. Tugado; Christian Lian Paulo P. Rioflorido,IEEE,,0,
10.1016/j.rineng.2025.106253,,2025,Results in Engineering,Emily Clements,Emily Clements; Gabriela Andrino; Kyle A. Thompson; Eric R.V. Dickenson; Deena Hannoun,Elsevier BV,2590-1230,1,
10.1016/j.dwt.2024.100895,,2024,Desalination and Water Treatment,Sukmin Yoon,Sukmin Yoon; JaeHo Shin; No-Suk Park; Minjae Kweon; Youngsoon Kim,Elsevier BV,1944-3986,4,
10.1371/journal.pone.0325234,,2025,PLOS One,Liu Bo-qi,Liu Bo-qi; Zhou Ding-jie; Zhao Yang; Shi Long-yu,Public Library of Science (PLoS),1932-6203,5,
10.1109/access.2022.3162932,,2022,IEEE Access,Rajesh Mahadeva,Rajesh Mahadeva; Mahendra Kumar; Shashikant P. Patole; Gaurav Manik,Institute of Electrical and Electronics Engineers (IEEE),2169-3536,33,
10.1038/s41598-024-83277-8,,2024,Scientific Reports,Jingjing Sun,Jingjing Sun; Xin Guan; Xiaojun Sun; Xiaojing Cao; Yepei Tan; Jiarong Liao,Springer Science and Business Media LLC,2045-2322,18,
10.1016/j.jwpe.2024.105932,,2024,Journal of Water Process Engineering,Ahmed Elsayed,Ahmed Elsayed; Zhong Li; Kamil Khan; Robert Cormier; Charles-François de Lannoy,Elsevier BV,2214-7144,9,
10.1007/s13201-019-1018-5,,2019,Applied Water Science,Jesús Zambrano,Jesús Zambrano; Oscar Samuelsson; Bengt Carlsson,Springer Science and Business Media LLC,2190-5487,7,
10.1016/j.dwt.2025.101238,,2025,Desalination and Water Treatment,Onaira Zahoor,Onaira Zahoor; Sher Jamal Khan; Muhammad Usama; Henry J. Tanudjaja; Noreddine Ghaffour; Muhammad Saqib Nawaz,Elsevier BV,1944-3986,4,
10.1109/tr.2024.3399735,,2025,IEEE Transactions on Reliability,Wenjing Li,Wenjing Li; Chong Ding; Junfei Qiao,Institute of Electrical and Electronics Engineers (IEEE),0018-9529,6,
10.2166/wcc.2023.052,,2023,Journal of Water and Climate Change,Kashwin Selvanathan,Kashwin Selvanathan; Kishaan Ragu; Hia Hung Yi; Sara Kazemi Yazdi; Zhiyuan Chen; Reza Godary,IWA Publishing,2040-2244,6,
10.1038/s41598-021-03881-w,,2022,Scientific Reports,Nicolás M. Peleato,Nicolás M. Peleato,Springer Science and Business Media LLC,2045-2322,27,
10.1007/s13201-023-01957-8,,2023,Applied Water Science,Atef El Jery,Atef El Jery; Ayesha Noreen; Mubeen Isam; José Luis Arias-Gonzáles; Tasaddaq Younas; Nadhir Al-Ansari; Saad Sh. Sammen,Springer Science and Business Media LLC,2190-5487,18,
10.1016/j.jwpe.2023.104752,,2024,Journal of Water Process Engineering,Pang Bo Yang,Pang Bo Yang; Yi Jing Chan; Sara Kazemi Yazdi; Jun Wei Lim,Elsevier BV,2214-7144,10,
10.1088/2515-7620/ade03b,,2025,Environmental Research Communications,M. Erdem Isenkul,M. Erdem Isenkul; Sevgi Güneş-Durak; Yasemin Poyraz Kocak; İnci Pir; Mertol Tüfekci; Güler Türkoğlu Demirkol; Selçuk Sevgen; Aslı Seyhan Çığgın; Neşe Tüfekci,IOP Publishing,2515-7620,0,
10.1016/j.apenergy.2025.125781,,2025,Applied Energy,Alberto Meola,Alberto Meola; Sören Weinrich,Elsevier BV,0306-2619,5,
10.1088/1755-1315/1136/1/012048,,2023,IOP Conference Series: Earth and Environmental Science,Grigorios Kyritsakas,Grigorios Kyritsakas; Vanessa Speight; Joby Boxall,IOP Publishing,1755-1307,3,
10.1109/iscsic60498.2023.00050,,2023,2023 7th International Symposium on Computer Science and Intelligent Control (ISCSIC),Khadim Gueye,Khadim Gueye; Aliou Boly; Ndiouma Bame,IEEE,,3,
10.1186/s44147-022-00164-7,,2022,Journal of Engineering and Applied Science,Victor Ifeanyi Ugonabo,Victor Ifeanyi Ugonabo; Prosper Eguono Ovuoraye; Ahmad Chowdhury; Endrit Fetahi,Springer Science and Business Media LLC,1110-1903,16,
10.1155/2021/5264531,,2021,Mathematical Problems in Engineering,Qiang Lin,Qiang Lin; Ancheng Luo; Yan Zhang; Yunlong Wang; Zhiwei Liang; Ping Yuan,Wiley,1563-5147,3,
10.1007/s11947-023-03033-0,,2023,Food and Bioprocess Technology,Magdalena Cifuentes-Cabezas,Magdalena Cifuentes-Cabezas; José Luis Bohórquez-Zurita; Sandra Gil-Herrero; María Cinta Vincent-Vela; José Antonio Mendoza-Roca; Silvia Álvarez-Blanco,Springer Science and Business Media LLC,1935-5130,22,
10.12912/27197050/132088,,2021,Ecological Engineering &amp; Environmental Technology,Esra'a Bashayreh,Esra'a Bashayreh; Ahmad Manasrah; Shahnaz Alkhalil; Eman Abdelhafez,WNGB Scientific Publishing House Sp. z o.o.,2719-7050,3,
10.1109/phm-chongqing.2018.00128,,2018,2018 Prognostics and System Health Management Conference (PHM-Chongqing),Tingting Yu,Tingting Yu; Yun Bai,IEEE,,1,
10.1109/access.2024.3458186,,2024,IEEE Access,Zuzanna Klawikowska,Zuzanna Klawikowska; Michał Grochowski,Institute of Electrical and Electronics Engineers (IEEE),2169-3536,7,
10.1021/acsestengg.2c00090,,2022,ACS ES&amp;T Engineering,Wenjin Zhang,Wenjin Zhang; Stephany P. Wei; Mari K.H. Winkler; Amy V. Mueller,American Chemical Society (ACS),2690-0645,7,
10.1007/s13201-018-0821-8,,2018,Applied Water Science,Satyam Srivastava,Satyam Srivastava; Saikrishna Vaddadi; Pankaj Kumar; Shashikant Sadistap,Springer Science and Business Media LLC,2190-5487,16,
10.1016/j.cep.2024.109736,,2024,Chemical Engineering and Processing - Process Intensification,Oscar A. Prado-Rubio,Oscar A. Prado-Rubio; Jakob K. Huusom,Elsevier BV,0255-2701,3,
10.2166/aqua.2023.062,,2023,"AQUA — Water Infrastructure, Ecosystems and Society",Bing Li,Bing Li; Siyuan Mao; Tuo Tian; Huaibin Bi; Yuxin Tian; Xueyan Ma; Yong Qiu,IWA Publishing,2709-8028,3,
10.2166/wpt.2024.211,,2024,Water Practice &amp; Technology,Giorgio Antonini,Giorgio Antonini; Joshua M. Pearce; Franco Berruti; Domenico Santoro,IWA Publishing,1751-231X,7,
10.1155/2019/9643921,,2019,Complexity,Guangpei Sun,Guangpei Sun; Peng Jiang; Huan Xu; Shanen Yu; Dong Guo; Guang Lin; Hui Wu,Wiley,1076-2787,15,
10.1021/acsestengg.5c00054,,2025,ACS ES&amp;T Engineering,Sheng-Yu Huang,Sheng-Yu Huang; Xiao-Qiong Wu; Quan-Bao Zhao; Liang Yu; Jia-Fang Xie; Yu-Ming Zheng; Ting-Ting Zhou; Jie Li,American Chemical Society (ACS),2690-0645,4,
10.1109/jsen.2020.3010134,,2020,IEEE Sensors Journal,Arunima Sambhuta Pattanayak,Arunima Sambhuta Pattanayak; Bhawani Shankar Pattnaik; Siba K. Udgata; Ajit Kumar Panda,Institute of Electrical and Electronics Engineers (IEEE),1530-437X,42,
10.1016/j.scitotenv.2021.147138,,2021,Science of The Total Environment,Dong Wang,Dong Wang; Sven Thunéll; Ulrika Lindberg; Lili Jiang; Johan Trygg; Mats Tysklind; Nabil Souihi,Elsevier BV,0048-9697,188,
10.1016/j.envint.2025.109923,,2025,Environment International,Boris Droz,Boris Droz; Elena Fernández-Pascual; Jean O’Dwyer; Emma H. Goslan; Xie Quishi; Connie O’Driscoll; Simon Harrison; John Weatherill,Elsevier BV,0160-4120,0,
10.1186/s44147-021-00044-6,,2021,Journal of Engineering and Applied Science,Ming Li,Ming Li; Kaitang Hu; Jin Wang,Springer Science and Business Media LLC,1110-1903,15,
10.1145/3512826.3512847,,2022,2022 The 3rd International Conference on Artificial Intelligence in Electronics Engineering,Xusheng Fang,Xusheng Fang; Zhengang Zhai; Renhao Xiong; Li Zhang; Bingtao Gao,ACM,,6,
10.1155/2019/8690898,,2019,Mathematical Problems in Engineering,ZhenHua Li,ZhenHua Li; ZhiHong Zou; LiPing Wang,Wiley,1024-123X,22,
10.1016/j.jenvman.2023.117416,,2023,Journal of Environmental Management,Bowen Li,Bowen Li; Chaojie Lu; Jin Zhao; Jiayu Tian; Jingqiu Sun; Chengzhi Hu,Elsevier BV,0301-4797,17,
10.1002/wer.10960,,2024,Water Environment Research,Hesamedin Hekmatmehr,Hesamedin Hekmatmehr; Ali Esmaeili; Saeid Atashrouz; Fahimeh Hadavimoghaddam; Ali Abedi; Abdolhossein Hemmati‐Sarapardeh; Ahmad Mohaddespour,Wiley,1061-4303,0,
10.1002/ep.14494,,2024,Environmental Progress &amp; Sustainable Energy,Neelanjan Dutta,Neelanjan Dutta; Pankaj Dey; Joy Pal,Wiley,1944-7442,1,
10.1002/wer.11136,,2024,Water Environment Research,Fuad Bin Nasir,Fuad Bin Nasir; Jin Li,Wiley,1061-4303,14,
10.1038/s41598-023-36333-8,,2023,Scientific Reports,Qiu Cheng,Qiu Cheng; Zhan Chunhong; Li Qianglin,Springer Science and Business Media LLC,2045-2322,48,
10.1016/j.asej.2021.01.007,,2021,Ain Shams Engineering Journal,Balahaha Hadi Ziyad Sami,Balahaha Hadi Ziyad Sami; Wong Jee khai; Balahaha Fadi Ziyad Sami; Chow Ming Fai; Yusuf Essam; Ali Najah Ahmed; Ahmed El-Shafie,Elsevier BV,2090-4479,26,
10.1155/2019/2468189,,2019,Complexity,Zehua Huang,Zehua Huang; Renren Wu; XiaoHui Yi; Hongbin Liu; Jiannan Cai; Guoqiang Niu; Mingzhi Huang; Guangguo Ying,Wiley,1076-2787,7,
10.1109/acie51979.2021.9381095,,2021,2021 IEEE Asia Conference on Information Engineering (ACIE),Guanyu Suo,Guanyu Suo; Jing Lei; Liangehao Chen; Jianfeng Yang; Zhan Dou,IEEE,,1,
10.1109/access.2019.2900071,,2019,IEEE Access,Guang Han,Guang Han; Qi Cheng; Xiaoyun Sun; Li Li; Weiguo Di,Institute of Electrical and Electronics Engineers (IEEE),2169-3536,9,
10.1038/s41598-023-50805-x,,2024,Scientific Reports,Rajshree Mathur,Rajshree Mathur; Meena Kumari Sharma; K. Loganathan; Mohamed Abbas; Shaik Hussain; Gaurav Kataria; Mohammed S. Alqahtani; Koppula Srinivas Rao,Springer Science and Business Media LLC,2045-2322,22,
10.14569/ijacsa.2022.0131077,,2022,International Journal of Advanced Computer Science and Applications,Batiseba Tekle,Batiseba Tekle; Azmi Alazzam; Abdulwehab Ibrahim; Ghassan Malkawi; Abdulaziz Fares NajiMoqbel; Nissar Qureshi; Ahmed Hamadat; Filomento O. Corona Jr,The Science and Information Organization,2156-5570,2,
10.1016/j.jksus.2024.103409,,2024,Journal of King Saud University - Science,Yeliz Durgun,Yeliz Durgun,Scientific Scholar,1018-3647,38,
10.1021/acsenvironau.2c00072,,2023,ACS Environmental Au,Hsiang-Yang Shyu,Hsiang-Yang Shyu; Cynthia J. Castro; Robert A. Bair; Qing Lu; Daniel H. Yeh,American Chemical Society (ACS),2694-2518,46,
10.1016/j.eswa.2025.127180,,2025,Expert Systems with Applications,Esmaeel Mohammadi,Esmaeel Mohammadi; Daniel Ortiz-Arroyo; Aviaja Anna Hansen; Mikkel Stokholm-Bjerregaard; Sébastien Gros; Akhil S. Anand; Petar Durdevic,Elsevier BV,0957-4174,13,
10.1021/acsestengg.3c00435,,2023,ACS ES&amp;T Engineering,Hunter W. Schroer,Hunter W. Schroer; Craig L. Just,American Chemical Society (ACS),2690-0645,18,
10.1021/acsestwater.3c00020,,2023,ACS ES&amp;T Water,Rabbi Sikder,Rabbi Sikder; Tianyu Zhang; Tao Ye,American Chemical Society (ACS),2690-0637,28,
10.1038/s41598-025-09463-4,,2025,Scientific Reports,Rakesh Choudhary,Rakesh Choudhary; Ajay Kumar; Priyadharsini C.; Mude Murali Naik; Moharana Choudhury; Nadeem A. Khan,Springer Science and Business Media LLC,2045-2322,22,
10.1109/southeastcon56624.2025.10971695,,2025,SoutheastCon 2025,Justin Logan,Justin Logan; Nicole Roberts; Michael Smith,IEEE,,0,
10.1021/acsestwater.3c00236,,2023,ACS ES&amp;T Water,Xingyu Wang,Xingyu Wang; Ishrat Rashid; Zhiyuan Zhao; Mayowa Oladele; Wenjun Xiang; Yuankai Huang; Edward Wazer; Jeffery McCutcheon; George Bollas; Jason Contreras; Baikun Li,American Chemical Society (ACS),2690-0637,11,
10.1109/tii.2025.3626044,,2026,IEEE Transactions on Industrial Informatics,Yi-Fan Yan,Yi-Fan Yan; Dapeng Li; Dongjuan Li; Lei Liu; Yan-Jun Liu,Institute of Electrical and Electronics Engineers (IEEE),1551-3203,0,
10.15587/1729-4061.2023.276431,,2023,Eastern-European Journal of Enterprise Technologies,Bohdana Komarysta,Bohdana Komarysta; Iryna Dzhygyrey; Vladyslav Bendiuh; Olha Yavorovska; Antonina Andreeva; Kateryna Berezenko; Iryna Meshcheriakova; Oksana Vovk; Sofiia Dokshyna; Ivan Maidanskyi,Private Company Technology Center,1729-4061,5,
10.1021/acsestengg.5c00493,,2025,ACS ES&amp;T Engineering,Zhaoyang Xiong,Zhaoyang Xiong; Leiming Cheng; Ahmed Ibrahim Yunus; Dewu Jian; Xinping Zhang; Thomas Igou; Sha Tong; Yongsheng Chen,American Chemical Society (ACS),2690-0645,3,
10.1016/j.jenvman.2025.124627,,2025,Journal of Environmental Management,Zhenghui Gao,Zhenghui Gao; Zongqiang Ren; Tianyi Cui; Yao Fu,Elsevier BV,0301-4797,6,
10.1016/j.heliyon.2023.e21351,,2023,Heliyon,Hayat Mekaoussi,Hayat Mekaoussi; Salim Heddam; Nouri Bouslimanni; Sungwon Kim; Mohammad Zounemat-Kermani,Elsevier BV,2405-8440,19,
10.1016/j.cherd.2024.05.019,,2024,Chemical Engineering Research and Design,Hasnain Ahmad Saddiqi,Hasnain Ahmad Saddiqi; Zainab Javed; Qazi Muhammad Ali; Asmat Ullah,Elsevier BV,0263-8762,17,
10.1016/j.marpolbul.2022.114493,,2023,Marine Pollution Bulletin,Aminu Ibrahim,Aminu Ibrahim; Azimah Ismail; Hafizan Juahir; Aisha B. Iliyasu; Balarabe T. Wailare; Mustapha Mukhtar; Hassan Aminu,Elsevier BV,0025-326X,85,
10.1109/icamimia54022.2021.9807734,,2021,"2021 International Conference on Advanced Mechatronics, Intelligent Manufacture and Industrial Automation (ICAMIMIA)",Putri Y Aisyah,Putri Y Aisyah; Totok Soehartanto; Riski F Finazis; Khoiruddin Afif; Rajendra Lokeswara; Fyrda Umamah,IEEE,,1,
10.15171/ehem.2016.05,,2016,Environmental Health Engineering and Management,Maryam Khodadadi,Maryam Khodadadi; Alireza Mesdaghinia; Simin Nasseri; Mohammad Taghi Ghaneian; Mohammad Hassan Ehrampoush; Mahdi Hadi,Maad Rayan Publishing Company,2423-3765,2,
10.2166/hydro.2023.122,,2023,Journal of Hydroinformatics,Christian Ortiz-Lopez,Christian Ortiz-Lopez; Andres Torres; Christian Bouchard; Manuel Rodriguez,IWA Publishing,1464-7141,8,
10.1007/s40747-020-00259-9,,2021,Complex &amp; Intelligent Systems,Bhawani Shankar Pattnaik,Bhawani Shankar Pattnaik; Arunima Sambhuta Pattanayak; Siba Kumar Udgata; Ajit Kumar Panda,Springer Science and Business Media LLC,2199-4536,52,
10.1109/icipca65645.2025.11138690,,2025,2025 IEEE 3rd International Conference on Image Processing and Computer Applications (ICIPCA),Yunxiao Liang,Yunxiao Liang,IEEE,,1,
10.1038/s41545-024-00308-7,,2024,npj Clean Water,Pankaj Singh Chauhan,Pankaj Singh Chauhan; Kirtiman Singh; Aditya Choudhary; Urmila Brighu; S. K. Singh; Shantanu Bhattacharya,Springer Science and Business Media LLC,2059-7037,23,
10.1021/acsestengg.4c00042,,2024,ACS ES&amp;T Engineering,Taylor R. Grimm,Taylor R. Grimm; Amos Branch; Kyle A. Thompson; Andrew Salveson; John Zhao; Darrell Johnson; Amanda S. Hering; Kathryn B. Newhart,American Chemical Society (ACS),2690-0645,1,
10.1007/s11270-024-07659-4,,2024,"Water, Air, &amp; Soil Pollution",Gelasius Gregory Msemwa,Gelasius Gregory Msemwa; Mahmoud Nasr; Amal Abdelhaleem; Manabu Fujii; Mona G. Ibrahim,Springer Science and Business Media LLC,0049-6979,16,
10.1155/2021/9202127,,2021,BioMed Research International,Yong Yang,Yong Yang; Shuaishuai Zheng; Zhilu Ai; Mohammad Mahdi Molla Jafari,Wiley,2314-6133,26,
10.1109/idaacs68557.2025.11322119,,2025,2025 IEEE 13th International Conference on Intelligent Data Acquisition and Advanced Computing Systems: Technology and Applications (IDAACS),Vasyl Dombrovskyi,Vasyl Dombrovskyi; Bohdan Derysh; Bohdan Rusyn; Lesia Dubchak; Arkadiusz Banasik; Maksym Palka,IEEE,,0,
10.1590/0104-6632.20180354s20170039,,2018,Brazilian Journal of Chemical Engineering,F. C. de Menezes,F. C. de Menezes; R. M. Fontes; K. P. Oliveira-Esquerre; R. Kalid,FapUNIFESP (SciELO),1678-4383,12,
10.1016/j.jenvman.2023.118594,,2023,Journal of Environmental Management,Francesca Bellamoli,Francesca Bellamoli; Mattia Di Iorio; Marco Vian; Farid Melgani,Elsevier BV,0301-4797,43,
10.1016/j.watres.2023.119874,,2023,Water Research,Sina Moradi,Sina Moradi; Amr Omar; Zhuoyu Zhou; Anthony Agostino; Ziba Gandomkar; Heriberto Bustamante; Kaye Power; Rita Henderson; Greg Leslie,Elsevier BV,0043-1354,26,
10.1002/wer.70205,,2025,Water Environment Research,Thanh Nhat Nguyen,Thanh Nhat Nguyen; Khac‐Uan Do; Thuy Phuong Nhat Tran; Tuyen Van Nguyen; Quang Xuan Chu,Wiley,1061-4303,1,
10.14569/ijacsa.2022.0130271,,2022,International Journal of Advanced Computer Science and Applications,Parul Yadav,Parul Yadav; Aditya Chaudhary; Anand Keshari; Nitish Kumar Chaudhary; Priyanshu Sharma; Kumar Saurabh; Brijesh Singh Yadav,The Science and Information Organization,2156-5570,1,
10.1109/idaacs68557.2025.11322245,,2025,2025 IEEE 13th International Conference on Intelligent Data Acquisition and Advanced Computing Systems: Technology and Applications (IDAACS),Lesia Dubchak,Lesia Dubchak; Leonid Bytsyura; Carsten Wolff; Anatoliy Sachenko; Bohdan Derysh; Nadiia Vasylkiv,IEEE,,0,
10.1016/j.jwpe.2024.105695,,2024,Journal of Water Process Engineering,Joyce Chen Yen Ngu,Joyce Chen Yen Ngu; Wan Sieng Yeo; Mieow Kee Chan; Jobrun Nandong,Elsevier BV,2214-7144,3,
10.15244/pjoes/108925,,2020,Polish Journal of Environmental Studies,Bartosz Szeląg,Bartosz Szeląg; Jan Studziński; Krzysztof Chmielowski; Ewa Dacewicz; Piotr Siwicki; Dorota Mirosław-Świątek; Justyna Lisowska,HARD Publishing Company,1230-1485,1,
10.1038/s41545-021-00125-2,,2021,npj Clean Water,Michael De Santi,Michael De Santi; Usman T. Khan; Matthew Arnold; Jean-François Fesselet; Syed Imran Ali,Springer Science and Business Media LLC,2059-7037,10,
10.1155/2022/3498060,,2022,Computational Intelligence and Neuroscience,Yaqi Ma,Yaqi Ma,Wiley,1687-5273,0,
10.1155/2022/7104752,,2022,Journal of Environmental and Public Health,Charles Onyutha,Charles Onyutha,Wiley,1687-9805,12,
10.1109/iccebs58601.2023.10449164,,2023,2023 Intelligent Computing and Control for Engineering and Business Systems (ICCEBS),Mohanraj K,Mohanraj K; Madhumita S; Harini M; Rohind Praveen Raj S; Balaji N; Jayanthi G,IEEE,,1,
10.1155/2022/1767295,,2022,Wireless Communications and Mobile Computing,Xun Zhang,Xun Zhang; Yanhui Gu,Wiley,1530-8669,4,
10.1111/jfpp.14219,,2019,Journal of Food Processing and Preservation,Bojana Ikonić,Bojana Ikonić; Oskar Bera; Jelena Pavličević; Predrag Kojić; Aleksandar Jokić; Predrag Ikonić; Milica Pojić; Žana Šaranović,Wiley,0145-8892,3,
10.21307/ijssis-2021-016,,2021,International Journal on Smart Sensing and Intelligent Systems,M. H. Husin,M. H. Husin; M. F. Rahmat; N. A. Wahab; M. F. M. Sabri,Walter de Gruyter GmbH,1178-5608,1,
10.1117/12.3074589,,2025,International Symposium on Artificial Intelligence Innovations (IS-AII 2025),Zhigang Mao,Zhigang Mao; xun zhang; Di Lei,SPIE,,0,
10.1061/joeedu.eeeng-7467,,2024,Journal of Environmental Engineering,Haochen Li,Haochen Li; David Spelman; John Sansalone,American Society of Civil Engineers (ASCE),0733-9372,13,
10.1021/acsestengg.4c00276,,2024,ACS ES&amp;T Engineering,Yuxuan Li,Yuxuan Li; Mahuizi Lu; Luiza C. Campos; Yukun Hu,American Chemical Society (ACS),2690-0645,6,
10.1109/i2mtc.2017.7969924,,2017,2017 IEEE International Instrumentation and Measurement Technology Conference (I2MTC),S. Graziani,S. Graziani; M. G. Xibilia,IEEE,,13,
10.1039/d3va00124e,,2023,Environmental Science: Advances,Nadeem Baig,Nadeem Baig; S. I. Abba; Jamilu Usman; Mohammed Benaafi; Isam H. Aljundi,Royal Society of Chemistry (RSC),2754-7000,20,
10.1016/j.jenvman.2024.120510,,2024,Journal of Environmental Management,Ahmed Elsayed,Ahmed Elsayed; Maysara Ghaith; Ahmed Yosri; Zhong Li; Wael El-Dakhakhni,Elsevier BV,0301-4797,27,
10.1007/s13399-023-04593-z,,2023,Biomass Conversion and Biorefinery,KeChrist Obileke,KeChrist Obileke; Stephen Tangwe; Golden Makaka; Patrick Mukumba,Springer Science and Business Media LLC,2190-6815,3,
10.1109/raaicon64172.2024.10928615,,2024,"2024 IEEE 3rd International Conference on Robotics, Automation, Artificial-Intelligence and Internet-of-Things (RAAICON)",Shuvendu Pal Shuvo,Shuvendu Pal Shuvo; Shirshendu Pal Shibazee; Arifa Akter Khuki; Chaitee Das; Goutam Paul; Mitaly Paul Mita,IEEE,,3,
10.1016/j.wroa.2024.100244,,2024,Water Research X,S. Wei,S. Wei; R. Richard; D. Hogue; I. Mondal; T. Xu; T.H. Boyer; K.A. Hamilton,Elsevier BV,2589-9147,5,
10.1051/e3sconf/202568000049/pdf,,,,,,,,,
10.1016/j.crgsc.2021.100078,,2021,Current Research in Green and Sustainable Chemistry,Chinenye Adaobi Igwegbe,Chinenye Adaobi Igwegbe; Okechukwu Dominic Onukwuli; Joshua O. Ighalo; Mathew Chukwudi Menkiti,Elsevier BV,2666-0865,70,
10.1016/j.compchemeng.2022.107738,,2022,Computers &amp; Chemical Engineering,Laura Debel Hansen,Laura Debel Hansen; Mikkel Stokholm-Bjerregaard; Petar Durdevic,Elsevier BV,0098-1354,55,
10.1007/s10311-022-01524-8,,2022,Environmental Chemistry Letters,Guocheng Zhu,Guocheng Zhu; Jialin Lin; Haiquan Fang; Fang Yuan; Xiaoshang Li; Cheng Yuan; Andrew S. Hursthouse,Springer Science and Business Media LLC,1610-3653,12,
10.1145/3573428.3573489,,2022,Proceedings of the 2022 6th International Conference on Electronic Information Technology and Computer Engineering,Yingtao Hu,Yingtao Hu; Jin Li,ACM,,5,
10.1016/j.biortech.2025.132210,,2025,Bioresource Technology,Ziang Zhu,Ziang Zhu; Shaokang Dong; Han Zhang; Wayne Parker; Ran Yin; Xuanye Bai; Zhengxin Yu; Jinfeng Wang; Yang Gao; Hongqiang Ren,Elsevier BV,0960-8524,12,
10.1016/j.jwpe.2025.108108,,2025,Journal of Water Process Engineering,Ahmad Hosseinzadeh,Ahmad Hosseinzadeh; Farid Amirkhani; Nahid Azizi; Amir Dashti; John L. Zhou; Ali Altaee,Elsevier BV,2214-7144,7,
10.1109/tii.2024.3452242,,2025,IEEE Transactions on Industrial Informatics,Hongyan Yang,Hongyan Yang; Yingfan Ding; Xiaolong Wu; Honggui Han,Institute of Electrical and Electronics Engineers (IEEE),1551-3203,5,
10.1109/icivc58118.2023.10270767,,2023,"2023 8th International Conference on Image, Vision and Computing (ICIVC)",Zhaozhao Zhang,Zhaozhao Zhang; Juan Wu; Lei Yang; Yingqin Zhu,IEEE,,0,
10.2166/ws.2023.219,,2023,Water Supply,Eloiza Laisla Lino Tochio,Eloiza Laisla Lino Tochio; Bruno Cézar do Nascimento; Sandro Rogério Lautenschlager,IWA Publishing,1606-9749,13,
10.15407/jai2023.02.107,,2023,Artificial Intelligence,Matviichuk M,Matviichuk M,National Academy of Sciences of Ukraine (Co. LTD Ukrinformnauka) (Publications),2710-1673,0,
10.1109/iccea62105.2024.10604051,,2024,2024 5th International Conference on Computer Engineering and Application (ICCEA),Jiangang Fei,Jiangang Fei,IEEE,,2,
10.1109/icstcc62912.2024.10744668,,2024,"2024 28th International Conference on System Theory, Control and Computing (ICSTCC)",Daniel Voipan,Daniel Voipan; Iulian Vasiliev; Larisa Diaconu; Andreea-Elena Voipan; Marian Barbu,IEEE,,5,
10.1109/iceca63461.2024.10800837,,2024,"2024 8th International Conference on Electronics, Communication and Aerospace Technology (ICECA)",M. Meenalochani,M. Meenalochani; T. Hariharan; S. Vishnu Kumar,IEEE,,1,
10.1038/s41598-024-53407-3,,2024,Scientific Reports,Diksha Puri,Diksha Puri; Raj Kumar; Sushil Kumar; M. S. Thakur; Gusztáv Fekete; Daeho Lee; Tej Singh,Springer Science and Business Media LLC,2045-2322,11,
10.1109/jiot.2020.3034311,,2021,IEEE Internet of Things Journal,Mohammad Sadegh Sadeghi Garmaroodi,Mohammad Sadegh Sadeghi Garmaroodi; Faezeh Farivar; Mohammad Sayad Haghighi; Mahdi Aliyari Shoorehdeli; Alireza Jolfaei,Institute of Electrical and Electronics Engineers (IEEE),2327-4662,53,
10.1109/jas.2018.7511168,,2018,IEEE/CAA Journal of Automatica Sinica,Junfei Qiao,Junfei Qiao; Hongbiao Zhou,Institute of Electrical and Electronics Engineers (IEEE),2329-9266,45,
10.1021/acs.est.3c00353,,2023,Environmental Science &amp; Technology,Henry C. Croll,Henry C. Croll; Kaoru Ikuma; Say Kee Ong; Soumik Sarkar,American Chemical Society (ACS),0013-936X,44,
10.1016/j.dwt.2024.100736,,2024,Desalination and Water Treatment,Xijun Zhang,Xijun Zhang; Si Yong,Elsevier BV,1944-3986,4,
10.1002/clen.202400009,,2024,"CLEAN – Soil, Air, Water",Saurabh Samuchiwal,Saurabh Samuchiwal; Saurabh Saraswat; Vivek Kumar Nair; Aman Chaudhary; Anushree Malik,Wiley,1863-0650,4,
10.1109/etfa54631.2023.10275522,,2023,2023 IEEE 28th International Conference on Emerging Technologies and Factory Automation (ETFA),Oscar Aponte-Rengifo,Oscar Aponte-Rengifo; Ramón Vilanova; Mario Francisco; Pastora Vega; Silvana Revollar,IEEE,,1,
10.2166/aqua.2015.030,,2015,Journal of Water Supply: Research and Technology - Aqua,Maliheh Falah Nezhad,Maliheh Falah Nezhad; Naser Mehrdadi; Ali Torabian; Sadegh Behboudian,IWA Publishing,0003-7214,3,
10.1371/journal.pwat.0000040,,2022,PLOS Water,Michael De Santi,Michael De Santi; Syed Imran Ali; Matthew Arnold; Jean-François Fesselet; Anne M. J. Hyvärinen; Dawn Taylor; Usman T. Khan,Public Library of Science (PLoS),2767-3219,3,
10.1109/tcyb.2022.3164476,,2023,IEEE Transactions on Cybernetics,Ping Zhou,Ping Zhou; Xuan Wang; Tianyou Chai,Institute of Electrical and Electronics Engineers (IEEE),2168-2267,70,
10.1021/acsestwater.4c00073,,2024,ACS ES&amp;T Water,Hao Lu,Hao Lu; Zhao-Hui Meng; Bao Zhang; Shuang Song; Shu-Yan Zhan; Yang Li; Qing-Lian Wu; Hua-Zhe Wang; Wan-Qian Guo,American Chemical Society (ACS),2690-0637,11,
10.1021/acsestwater.4c00040,,2024,ACS ES&amp;T Water,Ruojia Li,Ruojia Li; Kuanliang Feng; Tong An; Peijin Cheng; Lecheng Wei; Zihao Zhao; Xiangyang Xu; Liang Zhu,American Chemical Society (ACS),2690-0637,35,
10.11591/ijai.v9.i1.pp100-108,,2020,IAES International Journal of Artificial Intelligence (IJ-AI),Nurazizah Mahmod,Nurazizah Mahmod; Norhaliza Abdul Wahab; Muhammad Sani Gaya,Institute of Advanced Engineering and Science,2252-8938,0,
10.15666/aeer/1504_129142,,2017,Applied Ecology and Environmental Research,N NAEAMIKHAH,N NAEAMIKHAH,ALOKI Ltd,1589-1623,4,
10.1155/2022/9203335,,2022,Wireless Communications and Mobile Computing,Jianhong Li,Jianhong Li; Ken Cai; Huazhou Chen; Lili Xu; Qinyong Lin; Feng Xu,Wiley,1530-8669,4,
10.2166/hydro.2023.028,,2023,Journal of Hydroinformatics,Laura Enriquez,Laura Enriquez; Laura González; Juan G. Saldarriaga,IWA Publishing,1464-7141,4,
10.1109/tii.2024.3413357,,2024,IEEE Transactions on Industrial Informatics,Junfei Qiao,Junfei Qiao; Dapeng Li; Honggui Han,Institute of Electrical and Electronics Engineers (IEEE),1551-3203,11,
10.1109/ictech58362.2023.00046,,2023,2023 12th International Conference of Information and Communication Technology (ICTech),Yingtao Hu,Yingtao Hu; Yonghong Zhang; Duan Jian; Jin Li,IEEE,,4,
10.2166/ws.2023.328,,2023,Water Supply,Aída Álvarez Díez,Aída Álvarez Díez; Rocío Pena Rois; Iulian Mocanu; Claudia Orzan; Cristian Brebenel; Jiru Stere; Santiago Muíños Landín; Juan Manuel Fernández Montenegro,IWA Publishing,1606-9749,8,
10.2166/ws.2018.173,,2018,Water Supply,Jani Tomperi,Jani Tomperi; Kauko Leiviskä,IWA Publishing,1606-9749,3,
10.2166/wst.2017.417,,2017,Water Science and Technology,Jiayan Zhang,Jiayan Zhang; Cuicui Du; Xugang Feng,IWA Publishing,0273-1223,7,
10.2166/ws.2021.062,,2021,Water Supply,Gerald Riss,Gerald Riss; Michele Romano; Fayyaz Ali Memon; Zoran Kapelan,IWA Publishing,1606-9749,5,
10.2166/wst.2018.263,,2018,Water Science and Technology,E. V. Vinitha,E. V. Vinitha; M. Mansoor Ahammed; Mahesh R. Gadekar,IWA Publishing,0273-1223,25,
10.2166/wst.2018.477,,2018,Water Science and Technology,Vahid Nourani,Vahid Nourani; Gozen Elkiran; S. I. Abba,IWA Publishing,0273-1223,249,
10.2166/wst.2020.053,,2020,Water Science and Technology,KiJeon Nam,KiJeon Nam; SungKu Heo; Jorge Loy-Benitez; Pouya Ifaei; ChangKyoo Yoo,IWA Publishing,0273-1223,26,
10.2166/wst.2021.238,,2021,Water Science and Technology,Jorge Villamil,Jorge Villamil; Jorge Victorino; Francisco Gómez,IWA Publishing,0273-1223,4,
10.2166/wst.2021.067,,2021,Water Science and Technology,Nasim Hejabi,Nasim Hejabi; Seyed Mahdi Saghebian; Mohammad Taghi Aalami; Vahid Nourani,IWA Publishing,0273-1223,30,
10.2166/wst.2019.257,,2019,Water Science and Technology,Narendra Khatri,Narendra Khatri; Kamal Kishore Khatri; Abhishek Sharma,IWA Publishing,0273-1223,57,
10.2166/wst.2020.382,,2020,Water Science and Technology,O. Icke,O. Icke; D. M. van Es; M. F. de Koning; J. J. G. Wuister; J. Ng; K. M. Phua; Y. K. K. Koh; W. J. Chan; G. Tao,IWA Publishing,0273-1223,62,
10.2174/1573411019666230221143245,,2023,Current Analytical Chemistry,Siham Kherraf,Siham Kherraf; Chaymae Bakkouche; Soukaina Barhmi; Jamal Mabrouki; Souad El Hajjaji; Omkeltoum Elfatni; Driss Dhiba; Khlifa Maissine,Bentham Science Publishers Ltd.,1573-4110,5,
10.2166/wst.2024.099,,2024,Water Science &amp; Technology,Syahira Ibrahim,Syahira Ibrahim; Norhaliza Abdul Wahab,IWA Publishing,0273-1223,7,
10.2166/wst.2021.511,,2021,Water Science and Technology,Khalid El Ghazouli,Khalid El Ghazouli; Jamal El Khatabi; Aziz Soulhi; Isam Shahrour,IWA Publishing,0273-1223,25,
10.21741/9781644901311-8,,2021,Materials Research Proceedings,,,Materials Research Forum LLC,2474-395X,5,
10.22452/mjs.sp2019no2.7,,2019,Malaysian Journal of Science,Hidayatul Khusna,Hidayatul Khusna; Muhammad Mashuri; Suhartono S.; Dedy Dwi Prastyo; Muhammad Ahsan,Univ. of Malaya,1394-3065,3,
10.2166/wst.2024.293,,2024,Water Science &amp; Technology,Marcello Serrao,Marcello Serrao; Vincent Jauzein; Ilan Juran; Bruno Tassin; Peter Vanrolleghem,IWA Publishing,0273-1223,12,
10.22597/rcest.v4.64,,2020,Research Communication in Engineering Science &amp; Technology,Mohammad Asad Tariq,Mohammad Asad Tariq; Vasanthi Sethu; Senthilkumar Arumugasamy; Anurita Selvarajoo,Galaxy Tech Solutions,2636-994X,5,
10.22126/arww.2018.874,,,,,,,,,
10.23919/ccc52363.2021.9550511,,2021,2021 40th Chinese Control Conference (CCC),Tong Liu,Tong Liu; Wei Chai,IEEE,,3,
10.23850/22565035.1636,,2019,Informador Técnico,Luis Octavio González Salcedo,Luis Octavio González Salcedo; José Benjamín García Nuñez,Servicio Nacional de Aprendizaje SENA,2256-5035,0,
10.22531/muglajsci.618373,,2020,Mugla Journal of Science and Technology,Esra BİLGİN ŞİMŞEK,Esra BİLGİN ŞİMŞEK; Taner ALKAY,Mugla Sitki Kocman University,2149-3596,2,
10.23919/softcom.2019.8903866,,2019,"2019 International Conference on Software, Telecommunications and Computer Networks (SoftCOM)",Dziri Jalal,Dziri Jalal; Tahar Ezzedine,IEEE,,15,
10.2478/ceer-2020-0059,,2020,Civil and Environmental Engineering Reports,Lesław Płonka,Lesław Płonka,"University of Zielona Góra, Poland",2080-5187,0,
10.24425/aep.2023.145893,,2023,Archives of Environmental Protection,,,Polish Academy of Sciences Chancellery,2083-4772,0,
10.2478/ceer-2022-0066,,2022,Civil and Environmental Engineering Reports,Lesław Płonka,Lesław Płonka,"University of Zielona Góra, Poland",2080-5187,0,
10.23919/chicc.2019.8866516,,2019,2019 Chinese Control Conference (CCC),Shun Huang,Shun Huang; Lijun Zhang; Hui Guo; Peng Chen; Wei Xia; Cong Hu,IEEE,,2,
10.2495/wrm190101,,2019,WIT Transactions on Ecology and the Environment,THIBAULT MERCIER,THIBAULT MERCIER; ABEL DEMBELE; THIERRY DENOEUX; PASCAL BLANC,WIT Press,1743-3541,2,
10.30574/gscaet.2022.4.2.0033,,2022,GSC Advanced Engineering and Technology,Obasi Peter Okeke,Obasi Peter Okeke; Ismail I Aminu; Abdulazeez Rotimi; Bara’u Gafai Najashi; M.M Jibril; Awaisu Shafiu Ibrahim; Abba Bashir; Salim Idris Malami; Habibu M.A; Mohammed Mukhtar Magaji,GSC Online Press,,7,
10.26483/ijarcs.v16i3.7257,,2025,international journal of advanced research in computer science,"KAMATOY, NICOLE JOICE C.","KAMATOY, NICOLE JOICE C.",IJARCS International Journal of Advanced Research in Computer Science,0976-5697,0,
10.29007/dlvk,,,EPiC Series in Engineering,Luca Abele Piciaccia,Luca Abele Piciaccia; Danilo Croce; Roberto Basili; Pia Ryfors; Jonas Pettersen,EasyChair,2516-2330,0,
10.30955/gnj.004503,,2022,Global NEST Journal,,,University of the Aegean,1790-7632,1,
10.30574/wjaets.2025.17.3.1546,,2025,World Journal of Advanced Engineering Technology and Sciences,Asit Chatterjee,Asit Chatterjee; Mahim Mathur; Anil Pal; Mukesh Kumar Gupta,GSC Online Press,2582-8266,0,
10.30765/er.2232,,2023,Engineering review,Goran Volf,Goran Volf; Morana Krbavčić; Ivana Sušanj Čule; Sonja Zorko,"Faculty of Engineering, University of Rijeka",1849-0433,0,
10.30955/gnc2019.00238,,,Global NEST International Conference on Environmental Science &amp; Technology,K Kandris,K Kandris; E Romas; A Tzimas; E Gavalakis,Cosmos S.A.,2944-9820,0,
10.30955/gnj.003923,,2021,Global NEST Journal,,,University of the Aegean,1790-7632,1,
10.31202/ecjse.1135485,,2022,El-Cezeri Fen ve Mühendislik Dergisi,Fatma AZİZOĞLU,Fatma AZİZOĞLU; Emre ÜNSAL,El-Cezeri: Journal of Science and Engineering,2148-3736,1,
10.3233/ajw190041,,2019,"Asian Journal of Water, Environment and Pollution",Ritabrata Roy,Ritabrata Roy,AccScience Publishing,0972-9860,2,
10.3311/ppch.13866,,2019,Periodica Polytechnica Chemical Engineering,Aleksandar Jokić,Aleksandar Jokić; Nevenka Nikolić; Nataša Lukić; Jovana Grahovac; Jelena Dodić; Zorana Rončević; Zita Šereš,Periodica Polytechnica Budapest University of Technology and Economics,1587-3765,1,
10.32604/csse.2023.039645,,2023,Computer Systems Science and Engineering,Aiping Xu,Aiping Xu; Xuan Zou; Chao Wang,Tech Science Press,0267-6192,2,
10.3384/ecp200037,,2023,Linköping Electronic Conference Proceedings,Tiina Komulainen,Tiina Komulainen; Abdul Malik Baqeri; Einar Nermo; Arvind Keprate; Torgeir Saltnes; Katrine Marsten Jansen; Olga Korostynska,Linköping University Electronic Press,1650-3686,3,
10.31185/ejuow.vol10.iss3.317,,2022,Wasit Journal of Engineering Sciences,Yousif Zakoor,Yousif Zakoor; Hatem Gzar,Wasit University,2663-1970,2,
10.3389/fenve.2024.1373881,,2024,Frontiers in Environmental Engineering,M. H. Mng’ombe,M. H. Mng’ombe; E. W. Mtonga; B. A. Chunga; R. C. G. Chidya; M. Malota,Frontiers Media SA,2813-5067,3,
10.3389/fenvs.2022.1027693,,2022,Frontiers in Environmental Science,Binqiang Ye,Binqiang Ye; Xuejie Cao; Hong Liu; Yong Wang; Bin Tang; Changhong Chen; Qing Chen,Frontiers Media SA,2296-665X,19,
10.3233/jifs-212676,,2022,Journal of Intelligent &amp; Fuzzy Systems,K. Pavendan,K. Pavendan; V. Nagarajan,SAGE Publications,1064-1246,5,
10.3389/fenve.2025.1488965,,2025,Frontiers in Environmental Engineering,Raphael Anaadumba,Raphael Anaadumba; Yigit Bozkurt; Connor Sullivan; Madhavi Pagare; Pradeep Kurup; Benyuan Liu; Mohammad Arif Ul Alam,Frontiers Media SA,2813-5067,2,
10.3390/agronomy15030703,,2025,Agronomy,Daniyal Durmuş Köksal,Daniyal Durmuş Köksal; Yeşim Ahi; Mladen Todorovic,MDPI AG,2073-4395,6,
10.3389/frwa.2023.1199632,,2023,Frontiers in Water,Grigorios Kyritsakas,Grigorios Kyritsakas; Joby Boxall; Vanessa Speight,Frontiers Media SA,2624-9375,10,
10.3389/fevo.2023.1199870,,2023,Frontiers in Ecology and Evolution,Hongbo Liu,Hongbo Liu; Haoran Jian,Frontiers Media SA,2296-701X,6,
10.3390/a16050248,,2023,Algorithms,Vadim Kramar,Vadim Kramar; Vasiliy Alchakov,MDPI AG,1999-4893,28,
10.3390/app11125434,,2021,Applied Sciences,Francesco Facchini,Francesco Facchini; Luigi Ranieri; Micaela Vitti,MDPI AG,2076-3417,14,
10.3390/app12126079,,2022,Applied Sciences,Daniela Lopez-Betancur,Daniela Lopez-Betancur; Ivan Moreno; Carlos Guerrero-Mendez; Tonatiuh Saucedo-Anaya; Efrén González; Carlos Bautista-Capetillo; Julián González-Trinidad,MDPI AG,2076-3417,24,
10.3390/app13137461,,2023,Applied Sciences,Chiara Toffanin,Chiara Toffanin; Federico Di Palma; Francesca Iacono; Lalo Magni,MDPI AG,2076-3417,4,
10.3390/app13084752,,2023,Applied Sciences,Félix Hernández-del-Olmo,Félix Hernández-del-Olmo; Elena Gaudioso; Natividad Duro; Raquel Dormido; Mikel Gorrotxategi,MDPI AG,2076-3417,22,
10.3390/app13127011,,2023,Applied Sciences,Yue Li,Yue Li; Bin Kong; Weiwei Yu; Xingliang Zhu,MDPI AG,2076-3417,23,
10.3390/app13137848,,2023,Applied Sciences,Henri Pörhö,Henri Pörhö; Jani Tomperi; Aki Sorsa; Esko Juuso; Jari Ruuska; Mika Ruusunen,MDPI AG,2076-3417,7,
10.3390/app122412914,,2022,Applied Sciences,SK Safdar Hossain,SK Safdar Hossain; Bamidele Victor Ayodele; Zaid Abdulhamid Alhulaybi; Muhammad Mudassir Ahmad Alwi,MDPI AG,2076-3417,0,
10.3390/app14198622,,2024,Applied Sciences,Md. Shamim Bin Shahid,Md. Shamim Bin Shahid; Habibur Rahman Rifat; Md Ashraf Uddin; Md Manowarul Islam; Md. Zulfiker Mahmud; Md Kowsar Hossain Sakib; Arun Roy,MDPI AG,2076-3417,13,
10.3390/app14020901,,2024,Applied Sciences,Shurong Peng,Shurong Peng; Lijuan Guo; Yuanshu Li; Haoyu Huang; Jiayi Peng; Xiaoxu Liu,MDPI AG,2076-3417,5,
10.3390/app15084130,,2025,Applied Sciences,Jiawei Gao,Jiawei Gao; Bochao Chen; Su-Kit Tang,MDPI AG,2076-3417,2,
10.3390/app15168990,,2025,Applied Sciences,Žydrūnas Kavaliauskas,Žydrūnas Kavaliauskas; Giedrius Blažiūnas; Igor Šajev; Aleksandras Iljinas; Dovilė Gimžauskaitė,MDPI AG,2076-3417,1,
10.3390/app8020261,,2018,Applied Sciences,Xianjun Du,Xianjun Du; Junlu Wang; Veeriah Jegatheesan; Guohua Shi,MDPI AG,2076-3417,100,
10.3390/app132212406,,2023,Applied Sciences,Yueping Kong,Yueping Kong; Zhiyuan Shen,MDPI AG,2076-3417,14,
10.3390/automation5020008,,2024,Automation,Gabryel M. Raposo de Alencar,Gabryel M. Raposo de Alencar; Fernanda M. Lima Fernandes; Rafael Moura Duarte; Petrônio Ferreira de Melo; Altamar Alencar Cardoso; Heber Pimentel Gomes; Juan M. Mauricio Villanueva,MDPI AG,2673-4052,8,
10.3390/app9030523,,2019,Applied Sciences,Ping Yu,Ping Yu; Jie Cao; Veeriah Jegatheesan; Xianjun Du,MDPI AG,2076-3417,22,
10.3390/automation6010002,,2024,Automation,Igor Gulshin,Igor Gulshin; Olga Kuzina,MDPI AG,2673-4052,9,
10.3390/chemosensors12030034,,2024,Chemosensors,Lorena Parra,Lorena Parra; Ali Ahmad; Sandra Sendra; Jaime Lloret; Pascal Lorenz,MDPI AG,2227-9040,37,
10.3390/en13133338,,2020,Energies,Krzysztof Gaska,Krzysztof Gaska; Agnieszka Generowicz,MDPI AG,1996-1073,18,
10.3390/en14061552,,2021,Energies,Mariusz Kowalczyk,Mariusz Kowalczyk; Tomasz Kamizela,MDPI AG,1996-1073,7,
10.3390/chemosensors11040229,,2023,Chemosensors,Zhongyuan Zhang,Zhongyuan Zhang; Qiaomei Zhou; Shanshan Qiu; Jie Zhou; Jingang Huang,MDPI AG,2227-9040,6,
10.3390/bios15050284,,2025,Biosensors,Andrés Saavedra-Ruiz,Andrés Saavedra-Ruiz; Pedro J. Resto-Irizarry,MDPI AG,2079-6374,2,
10.3390/en16062871,,2023,Energies,Bartosz Szeląg,Bartosz Szeląg; Szymon Sobura; Renata Stoińska,MDPI AG,1996-1073,3,
10.3390/en17020364,,2024,Energies,Angelique Mukasine,Angelique Mukasine; Louis Sibomana; Kayalvizhi Jayavel; Kizito Nkurikiyeyezu; Eric Hitimana,MDPI AG,1996-1073,9,
10.3390/fermentation10120639,,2024,Fermentation,Sarah E. Daly,Sarah E. Daly; Ji-Qin Ni,MDPI AG,2311-5637,3,
10.3390/engproc2024069110,,2024,The 3rd International Joint Conference on Water Distribution Systems Analysis &amp;amp; Computing and Control for the Water Industry (WDSA/CCWI 2024),Valts Urbanovičs,Valts Urbanovičs; Sergei Parshutin; Jānis Rubulis; Mārtiņš Bonders; Katrīna Dambeniece; Roberts Ozols; Dāvids Štēbelis; Sandis Dejus,MDPI,,2,
10.3390/eng6050098,,2025,Eng,Siham Kherraf,Siham Kherraf; Mariem Ennouhi; Abir El Mansouri; Souad El Hajjaji; Hamid Nasrellah; Meryem Bensemlali; Abdellatif Aarfane; Ayoub Cherrat; Najoua Labjar,MDPI AG,2673-4117,3,
10.3390/fermentation8030099,,2022,Fermentation,Zhixin Qi,Zhixin Qi; Zhennan Wang; Meiting Chen; Deqi Xiong,MDPI AG,2311-5637,7,
10.3390/en16217408,,2023,Energies,Panagiotis Karadimos,Panagiotis Karadimos; Leonidas Anthopoulos,MDPI AG,1996-1073,11,
10.3390/fermentation8020065,,2022,Fermentation,Senem Önen Cinar,Senem Önen Cinar; Samet Cinar; Kerstin Kuchta,MDPI AG,2311-5637,32,
10.3390/fermentation10120660,,2024,Fermentation,Dean Kong,Dean Kong; Lijie Chu; Ping Yang; Yujing Guan; Hao Xu; Jie Chen; Yange Yu; Xiaochuan Yan; Bingfeng Liu; Guangli Cao; Xihai Zhang,MDPI AG,2311-5637,2,
10.3390/fi15080265,,2023,Future Internet,Angelique Mukasine,Angelique Mukasine; Louis Sibomana; Kayalvizhi Jayavel; Kizito Nkurikiyeyezu; Eric Hitimana,MDPI AG,1999-5903,2,
10.3390/ma15051932,,2022,Materials,Muhammad Irfan,Muhammad Irfan; Sharjeel Waqas; Ushtar Arshad; Javed Akbar Khan; Stanislaw Legutko; Izabela Kruszelnicka; Dobrochna Ginter-Kramarczyk; Saifur Rahman; Anna Skrzypczak,MDPI AG,1996-1944,38,
10.3390/membranes11010070,,2021,Membranes,Jasir Jawad,Jasir Jawad; Alaa Hawari; Syed Zaidi,MDPI AG,2077-0375,50,
10.3390/membranes12080726,,2022,Membranes,Syahira Ibrahim,Syahira Ibrahim; Norhaliza Abdul Wahab,MDPI AG,2077-0375,12,
10.3390/e27121233,,2025,Entropy,Zhipeng Zhuang,Zhipeng Zhuang; Xiaoshan Liu; Jing Jin; Ziwen Li; Yanheng Liu; Adriano Tavares; Dalin Li,MDPI AG,1099-4300,0,
10.3390/jmse10050683,,2022,Journal of Marine Science and Engineering,Yurui Zhang,Yurui Zhang; Zhiyong Duan; Anzhe Yi; Jiaqi Hu; Yanhu Chen,MDPI AG,2077-1312,5,
10.3390/membranes12090883,,2022,Membranes,José-Luis Díez,José-Luis Díez; Vicente Masip-Moret; Asunción Santafé-Moros; José M. Gozálvez-Zafrilla,MDPI AG,2077-0375,6,
10.3390/membranes12090821,,2022,Membranes,Sharjeel Waqas,Sharjeel Waqas; Noorfidza Yub Harun; Nonni Soraya Sambudi; Ushtar Arshad; Nik Abdul Hadi Md Nordin; Muhammad Roil Bilad; Anwar Ameen Hezam Saeed; Asher Ahmed Malik,MDPI AG,2077-0375,45,
10.3390/mi14061128,,2023,Micromachines,Meng Xia,Meng Xia; Ruifang Yang; Nanjing Zhao; Xiaowei Chen; Ming Dong; Jingsong Chen,MDPI AG,2072-666X,6,
10.3390/mi15081045,,2024,Micromachines,Tongfei Wang,Tongfei Wang; Jiping Niu; Haoran Pang; Xiaoyu Meng; Ruqian Sun; Jiaqing Xie,MDPI AG,2072-666X,5,
10.3390/molecules30051092,,2025,Molecules,Harvey Rutland,Harvey Rutland; Jiseon You; Haixia Liu; Kyle Bowman,MDPI AG,1420-3049,4,
10.3390/pr11041287,,2023,Processes,Maria Teresa Gaudio,Maria Teresa Gaudio; Stefano Curcio; Sudip Chakraborty; Vincenza Calabrò,MDPI AG,2227-9717,9,
10.3390/pr13010280,,2025,Processes,Jianjun Deng,Jianjun Deng; Wentong Liu; Cheng Zheng; Chuanzhen Wang,MDPI AG,2227-9717,0,
10.3390/membranes11080554,,2021,Membranes,Nur Sakinah Ahmad Yasmin,Nur Sakinah Ahmad Yasmin; Norhaliza Abdul Wahab; Fatimah Sham Ismail; Mu’azu Jibrin Musa; Mohd Hakim Ab Halim; Aznah Nor Anuar,MDPI AG,2077-0375,12,
10.3390/membranes13120900,,2023,Membranes,Bashar H. Ismael,Bashar H. Ismael; Faidhalrahman Khaleel; Salah S. Ibrahim; Samraa R. Khaleel; Mohamed Khalid AlOmar; Adil Masood; Mustafa M. Aljumaily; Qusay F. Alsalhy; Siti Fatin Mohd Razali; Raed A. Al-Juboori; Mohammed Majeed Hameed; Alanood A. Alsarayreh,MDPI AG,2077-0375,9,
10.3390/pr13061664,,2025,Processes,Fathima Reneeth,Fathima Reneeth; Tabassum-Abbasi; Tasneem Abbasi; S. A. Abbasi,MDPI AG,2227-9717,2,
10.3390/pr13082352,,2025,Processes,Jie Liang,Jie Liang; Sangyoup Lee; Xianghao Ren; Yingjie Guo; Jeonghyun Park; Sung-Gwan Park; Ji-Yeon Kim; Moon-Hyun Hwang,MDPI AG,2227-9717,6,
10.3390/pr13072301,,2025,Processes,Míriam Timiraos,Míriam Timiraos; Antonio Díaz-Longueira; Esteban Jove; Óscar Fontenla-Romero; José Luis Calvo-Rolle,MDPI AG,2227-9717,0,
10.3390/pr11020478,,2023,Processes,Hauwa Mustafa,Hauwa Mustafa; Gasim Hayder; S. Abba; Abeer Algarni; Mohammed Mnzool; Abdurahman Nour,MDPI AG,2227-9717,8,
10.3390/pr11082269,,2023,Processes,Oscar Aponte-Rengifo,Oscar Aponte-Rengifo; Mario Francisco; Ramón Vilanova; Pastora Vega; Silvana Revollar,MDPI AG,2227-9717,22,
10.3390/pr8121672,,2020,Processes,Norhaliza Abdul Wahab,Norhaliza Abdul Wahab; Nurazizah Mahmod; Ramon Vilanova,MDPI AG,2227-9717,7,
10.3390/pr9091633,,2021,Processes,Alexandra-Veronica Luca,Alexandra-Veronica Luca; Melinda Simon-Várhelyi; Norbert-Botond Mihály; Vasile-Mircea Cristea,MDPI AG,2227-9717,19,
10.3390/pr9091639,,2021,Processes,Xiaochuan Huang,Xiaochuan Huang; Yan Gao; Ling Zhu; Ge He,MDPI AG,2227-9717,2,
10.3390/s17122806,,2017,Sensors,Yingchi Mao,Yingchi Mao; Hai Qi; Ping Ping; Xiaofang Li,MDPI AG,1424-8220,8,
10.3390/pr9010085,,2021,Processes,Samet Cinar,Samet Cinar; Senem Onen Cinar; Nils Wieczorek; Ihsanullah Sohoo; Kerstin Kuchta,MDPI AG,2227-9717,62,
10.3390/pr9112059,,2021,Processes,Arif Reza,Arif Reza; Lide Chen,MDPI AG,2227-9717,13,
10.3390/s19143139,,2019,Sensors,Félix Hernández-del-Olmo,Félix Hernández-del-Olmo; Elena Gaudioso; Natividad Duro; Raquel Dormido,MDPI AG,1424-8220,46,
10.3390/s20051342,,2020,Sensors,Diego Garcia,Diego Garcia; Vicenç Puig; Joseba Quevedo,MDPI AG,1424-8220,13,
10.3390/s18040938,,2018,Sensors,Kexin Wang,Kexin Wang; Xiang Wen; Dibo Hou; Dezhan Tu; Naifu Zhu; Pingjie Huang; Guangxin Zhang; Hongjian Zhang,MDPI AG,1424-8220,25,
10.3390/s19061280,,2019,Sensors,Ivan Pisa,Ivan Pisa; Ignacio Santín; Jose Lopez Vicario; Antoni Morell; Ramon Vilanova,MDPI AG,1424-8220,77,
10.3390/s20071941,,2020,Sensors,Bartosz Szeląg,Bartosz Szeląg; Jakub Drewnowski; Grzegorz Łagód; Dariusz Majerek; Ewa Dacewicz; Francesco Fatone,MDPI AG,1424-8220,26,
10.3390/s18113742,,2018,Sensors,Alessandro Simeone,Alessandro Simeone; Bin Deng; Nicholas Watson; Elliot Woolley,MDPI AG,1424-8220,17,
10.3390/s20133804,,2020,Sensors,Yueli Song,Yueli Song; Minglun Ren,MDPI AG,1424-8220,19,
10.3390/s20133743,,2020,Sensors,Ivan Pisa,Ivan Pisa; Antoni Morell; Jose Lopez Vicario; Ramon Vilanova,MDPI AG,1424-8220,40,
10.3390/s20226671,,2020,Sensors,Sharif Hossain,Sharif Hossain; Christopher W.K. Chow; Guna A. Hewa; David Cook; Martin Harris,MDPI AG,1424-8220,26,
10.3390/s20216139,,2020,Sensors,Hongchao Cheng,Hongchao Cheng; Yiqi Liu; Daoping Huang; Chong Xu; Jing Wu,MDPI AG,1424-8220,16,
10.3390/s20195631,,2020,Sensors,Daniel Carreres-Prieto,Daniel Carreres-Prieto; Juan T. García; Fernando Cerdán-Cartagena; Juan Suardiaz-Muro,MDPI AG,1424-8220,27,
10.3390/s21196679,,2021,Sensors,Isack Thomas Nicholaus,Isack Thomas Nicholaus; Jun Ryeol Park; Kyuil Jung; Jun Seoung Lee; Dae-Ki Kang,MDPI AG,1424-8220,36,
10.3390/s21186315,,2021,Sensors,Ivan Pisa,Ivan Pisa; Antoni Morell; Ramón Vilanova; Jose Lopez Vicario,MDPI AG,1424-8220,22,
10.3390/s21030823,,2021,Sensors,Francesco Curreri,Francesco Curreri; Luca Patanè; Maria Gabriella Xibilia,MDPI AG,1424-8220,71,
10.3390/s22186887,,2022,Sensors,Alcemy Gabriel Vitor Severino,Alcemy Gabriel Vitor Severino; Jean Mário Moreira de Lima; Fábio Meneghetti Ugulino de Araújo,MDPI AG,1424-8220,8,
10.3390/s23031061,,2023,Sensors,Thulane Paepae,Thulane Paepae; Pitshou Bokoro; Kyandoghere Kyamakya,MDPI AG,1424-8220,12,
10.3390/s22020422,,2022,Sensors,Meng Zhou,Meng Zhou; Yinyue Zhang; Jing Wang; Yuntao Shi; Vicenç Puig,MDPI AG,1424-8220,23,
10.3390/s22134668,,2022,Sensors,Claudia Post,Claudia Post; Niklas Heyden; André Reinartz; Aaron Foerderer; Simon Bruelisauer; Volker Linnemann; William Hug; Florian Amann,MDPI AG,1424-8220,24,
10.3390/s23208578,,2023,Sensors,Magdalena Piłat-Rożek,Magdalena Piłat-Rożek; Marcin Dziadosz; Dariusz Majerek; Katarzyna Jaromin-Gleń; Bartosz Szeląg; Łukasz Guz; Adam Piotrowicz; Grzegorz Łagód,MDPI AG,1424-8220,6,
10.3390/s21227525,,2021,Sensors,Sharif Hossain,Sharif Hossain; David Cook; Christopher Chow; Guna Hewa,MDPI AG,1424-8220,15,
10.3390/s23198022,,2023,Sensors,Liliana Maria Ghinea,Liliana Maria Ghinea; Mihaela Miron; Marian Barbu,MDPI AG,1424-8220,21,
10.3390/s23229236,,2023,Sensors,Roxana Recio-Colmenares,Roxana Recio-Colmenares; Elizabeth León Becerril; Kelly Joel Gurubel Tun; Robin F. Conchas,MDPI AG,1424-8220,16,
10.3390/s23218679,,2023,Sensors,Jin Xu,Jin Xu; Han Li; Qingxin Zhang,MDPI AG,1424-8220,6,
10.3390/s23115151,,2023,Sensors,Han Yu,Han Yu; Jing Li; Linda Holmer; Stephan J. Köhler,MDPI AG,1424-8220,1,
10.3390/s23208613,,2023,Sensors,Engy El-Shafeiy,Engy El-Shafeiy; Maazen Alsabaan; Mohamed I. Ibrahem; Haitham Elwahsh,MDPI AG,1424-8220,76,
10.3390/s24041180,,2024,Sensors,Rita Wiryasaputra,Rita Wiryasaputra; Chin-Yin Huang; Yu-Ju Lin; Chao-Tung Yang,MDPI AG,1424-8220,35,
10.3390/s25061692,,2025,Sensors,Daniel Voipan,Daniel Voipan; Andreea Elena Voipan; Marian Barbu,MDPI AG,1424-8220,16,
10.3390/s24051568,,2024,Sensors,Carlos Rodríguez-Alonso,Carlos Rodríguez-Alonso; Iván Pena-Regueiro; Óscar García,MDPI AG,1424-8220,36,
10.3390/s24082537,,2024,Sensors,Benjamin Steven Vien,Benjamin Steven Vien; Thomas Kuen; Louis Raymond Francis Rose; Wing Kong Chiu,MDPI AG,1424-8220,8,
10.3390/su14074098,,2022,Sustainability,Shane Fox,Shane Fox; James McDermott; Edelle Doherty; Ronan Cooney; Eoghan Clifford,MDPI AG,2071-1050,13,
10.3390/su142315598,,2022,Sustainability,Raed Jafar,Raed Jafar; Adel Awad; Kamel Jafar; Isam Shahrour,MDPI AG,2071-1050,23,
10.3390/su151712875,,2023,Sustainability,Atef El Jery,Atef El Jery; Houman Kosarirad; Nedasadat Taheri; Maryam Bagheri; Moutaz Aldrdery; Abubakr Elkhaleefa; Chongqing Wang; Saad Sh. Sammen,MDPI AG,2071-1050,8,
10.3390/su11164407,,2019,Sustainability,Hubert Byliński,Hubert Byliński; Andrzej Sobecki; Jacek Gębicki,MDPI AG,2071-1050,32,
10.3390/su12166348,,2020,Sustainability,Luis Arismendy,Luis Arismendy; Carlos Cárdenas; Diego Gómez; Aymer Maturana; Ricardo Mejía; Christian G. Quintero M.,MDPI AG,2071-1050,55,
10.3390/su14148314,,2022,Sustainability,Huixian Shi,Huixian Shi; Zijing Wang; Haiyi Zhou; Kaiyan Lin; Shuping Li; Xinnan Zheng; Zheng Shen; Jiaoliao Chen; Lei Zhang; Yalei Zhang,MDPI AG,2071-1050,5,
10.3390/toxics13050349,,2025,Toxics,Shitao Zhang,Shitao Zhang; Jiafei Cao; Yang Gao; Fangfang Sun; Yong Yang,MDPI AG,2305-6304,1,
10.3390/w11071317,,2019,Water,Jianzhuo Yan,Jianzhuo Yan; Xinyue Chen; Yongchuan Yu; Xiaojuan Zhang,MDPI AG,2073-4441,28,
10.3390/systems11070375,,2023,Systems,Yumeng Bao,Yumeng Bao; Ravindranadh Koutavarapu; Tae-Gwan Lee,MDPI AG,2079-8954,7,
10.3390/w11112397,,2019,Water,Joshua T. Bunce,Joshua T. Bunce; David W. Graham,MDPI AG,2073-4441,19,
10.3390/w13091237,,2021,Water,Vanesa Mateo Pérez,Vanesa Mateo Pérez; José Manuel Mesa Fernández; Joaquín Villanueva Balsera; Cristina Alonso Álvarez,MDPI AG,2073-4441,18,
10.3390/w12071975,,2020,Water,Anderson Alejandro Benites-Zelaya,Anderson Alejandro Benites-Zelaya; José Luis Soler-Cabezas; Eva Ferrer-Polonio; José Antonio Mendoza-Roca; María Cinta Vincent-Vela,MDPI AG,2073-4441,6,
10.3390/w13192617,,2021,Water,Thapelo C. Mosetlhe,Thapelo C. Mosetlhe; Yskandar Hamam; Shengzhi Du; Eric Monacelli,MDPI AG,2073-4441,14,
10.3390/w13182547,,2021,Water,Graciliano Nicolás Marichal Plasencia,Graciliano Nicolás Marichal Plasencia; Jorge Camacho-Espino; Deivis Ávila Prats; Baltasar Peñate Suárez,MDPI AG,2073-4441,13,
10.3390/su151813380,,2023,Sustainability,Shuai Shao,Shuai Shao; Dianzheng Fu; Tianji Yang; Hailin Mu; Qiufeng Gao; Yun Zhang,MDPI AG,2071-1050,37,
10.3390/w13243659,,2021,Water,Yiqi Liu,Yiqi Liu; Longhua Yuan; Dong Li; Yan Li; Daoping Huang,MDPI AG,2073-4441,12,
10.3390/w13192633,,2021,Water,Jie Yu,Jie Yu; Yitong Cao; Fei Shi; Jiegen Shi; Dibo Hou; Pingjie Huang; Guangxin Zhang; Hongjian Zhang,MDPI AG,2073-4441,16,
10.3390/w14050761,,2022,Water,Shiuan Wan,Shiuan Wan; Mei-Ling Yeh; Hong-Lin Ma; Tein-Yin Chou,MDPI AG,2073-4441,10,
10.3390/w14010116,,2022,Water,Aneeba Rashid,Aneeba Rashid; Safdar A. Mirza; Ciara Keating; Umer Z. Ijaz; Sikander Ali; Luiza C. Campos,MDPI AG,2073-4441,3,
10.3390/w14050791,,2022,Water,Mohsina Sherief,Mohsina Sherief; Ashraf Aly Hassan,MDPI AG,2073-4441,13,
10.3390/w14162588,,2022,Water,Zofia Czyczula Rudjord,Zofia Czyczula Rudjord; Malcolm J. Reid; Carsten Ulrich Schwermer; Yan Lin,MDPI AG,2073-4441,16,
10.3390/w14071053,,2022,Water,Yifan Xie,Yifan Xie; Yongqi Chen; Qing Lian; Hailong Yin; Jian Peng; Meng Sheng; Yimeng Wang,MDPI AG,2073-4441,64,
10.3390/w14193147,,2022,Water,Usman Safder,Usman Safder; Jongrack Kim; Gijung Pak; Gahee Rhee; Kwangtae You,MDPI AG,2073-4441,36,
10.3390/w15061126,,2023,Water,Adriano Bressane,Adriano Bressane; Ana Paula Garcia Goulart; Carrie Peres Melo; Isadora Gurjon Gomes; Anna Isabel Silva Loureiro; Rogério Galante Negri; Rodrigo Moruzzi; Adriano Gonçalves dos Reis; Jorge Kennety Silva Formiga; Gustavo Henrique Ribeiro da Silva; Ricardo Fernandes Thomé,MDPI AG,2073-4441,23,
10.3390/w14223591,,2022,Water,Yuying Wei,Yuying Wei; Adrian Wing-Keung Law; Chun Yang,MDPI AG,2073-4441,11,
10.3390/w15061131,,2023,Water,Zhaomin Li,Zhaomin Li; Lu Bai; Wenchong Tian; Hexiang Yan; Wanting Hu; Kunlun Xin; Tao Tao,MDPI AG,2073-4441,10,
10.3390/w15040674,,2023,Water,Xuanyao Yang,Xuanyao Yang; He Li; Yizhuo Wang; Linyan Qu,MDPI AG,2073-4441,9,
10.3390/w15010103,,2022,Water,Panagiotis G. Asteris,Panagiotis G. Asteris; Dimitrios E. Alexakis; Markos Z. Tsoukalas; Dimitra E. Gamvroula; Deniz Guney,MDPI AG,2073-4441,18,
10.3390/w14091410,,2022,Water,Wei-Yao Chen,Wei-Yao Chen; Yi Jing Chan; Jun Wei Lim; Chin Seng Liew; Mardawani Mohamad; Chii-Dong Ho; Anwar Usman; Grzegorz Lisak; Hirofumi Hara; Wen-Nee Tan,MDPI AG,2073-4441,24,
10.3390/w15101960,,2023,Water,Wenchong Tian,Wenchong Tian; Yuting Liu; Jun Xie; Weizhong Huang; Weihao Chen; Tao Tao; Kunlun Xin,MDPI AG,2073-4441,3,
10.3390/w15112079,,2023,Water,Meng Zhou,Meng Zhou; Yinyue Zhang; Jing Wang; Tonglai Xue; Zhe Dong; Weifeng Zhai,MDPI AG,2073-4441,13,
10.3390/w15091779,,2023,Water,Yuting Liu,Yuting Liu; Wenchong Tian; Jun Xie; Weizhong Huang; Kunlun Xin,MDPI AG,2073-4441,16,
10.3390/w15193515,,2023,Water,Sani. I. Abba,Sani. I. Abba; Jamilu Usman; Ismail Abdulazeez; Dahiru U. Lawal; Nadeem Baig; A. G. Usman; Isam H. Aljundi,MDPI AG,2073-4441,11,
10.3390/w15193325,,2023,Water,Praewa Wongburi,Praewa Wongburi; Jae K. Park,MDPI AG,2073-4441,37,
10.3390/w15244200,,2023,Water,Carlos Matovelle,Carlos Matovelle; María Quinteros; Diego Heras,MDPI AG,2073-4441,8,
10.3390/w15132349,,2023,Water,Yasminah Alali,Yasminah Alali; Fouzi Harrou; Ying Sun,MDPI AG,2073-4441,50,
10.3390/w16071042,,2024,Water,Aleksandar Jakovljevic,Aleksandar Jakovljevic; Laurent Charlin; Benoit Barbeau,MDPI AG,2073-4441,5,
10.3390/w16010168,,2023,Water,Khalid Alnajim,Khalid Alnajim; Ahmed A. Abokifa,MDPI AG,2073-4441,3,
10.3390/w16071018,,2024,Water,Xuyuan Zhang,Xuyuan Zhang; Yingqing Guo; Haoran Luo; Tao Liu; Yijun Bao,MDPI AG,2073-4441,3,
10.3390/w16243611,,2024,Water,Chenjie Jia,Chenjie Jia; Zhicheng Zhou; Jiehui Li; Jiankang Ma; Xinming Ji,MDPI AG,2073-4441,1,
10.3390/w16081090,,2024,Water,Bojun Su,Bojun Su; Wen Zhang; Rui Li; Yongsheng Bai; Jiang Chang,MDPI AG,2073-4441,4,
10.3390/w16111561,,2024,Water,Qiangqiang Cheng,Qiangqiang Cheng; Ji-Yeon Kim; Yu Wang; Xianghao Ren; Yingjie Guo; Jeong-Hyun Park; Sung-Gwan Park; Sang-Youp Lee; Guili Zheng; Yawei Wang; Young-Jae Lee; Moon-Hyun Hwang,MDPI AG,2073-4441,4,
10.3390/w17030310,,2025,Water,Han Li,Han Li; Chao Liu; Xiao Guo; Haotian Sun; Xuefei Li; Hao Jiang; Sheng Miao,MDPI AG,2073-4441,5,
10.3390/w17030297,,2025,Water,Saloua Helali,Saloua Helali; Shadiah Albalawi; Nizar Bel Hadj Ali,MDPI AG,2073-4441,2,
10.3390/w16192863,,2024,Water,Stylianos Gyparakis,Stylianos Gyparakis; Ioannis Trichakis; Evan Diamadopoulos,MDPI AG,2073-4441,7,
10.3390/w17020227,,2025,Water,Stylianos Gyparakis,Stylianos Gyparakis; Ioannis Trichakis; Tryfon Daras; Evan Diamadopoulos,MDPI AG,2073-4441,7,
10.3390/w17091395,,2025,Water,Vasileios Alevizos,Vasileios Alevizos; Zongliang Yue; Sabrina Edralin; Clark Xu; Nikitas Gerolimos; George Papakostas,MDPI AG,2073-4441,11,
10.3390/w17030343,,2025,Water,Chenyu Chen,Chenyu Chen; Meiyu Luo; Wenyu Wang; Yang Ping; Hongming Li; Siyuan Chen; Qian Liang,MDPI AG,2073-4441,3,
10.3390/w16243710,,2024,Water,Fukang Hu,Fukang Hu; Xiaodong Zhang; Baohong Lu; Yue Lin,MDPI AG,2073-4441,11,
10.34172/ajehe.2019.12,,2019,Avicenna Journal of Environmental Health Engineering,Maryam Bayat Varkeshi,Maryam Bayat Varkeshi; Kazem Godini; Mohamad ParsiMehr; Maryam Vafaee,Maad Rayan Publishing Company,2423-4583,5,
10.3390/w17131851,,2025,Water,Zhaoyang Xiong,Zhaoyang Xiong; Xingyang Liu; Thomas Igou; Zhanchao Li; Yongsheng Chen,MDPI AG,2073-4441,14,
10.3390/w9020105,,2017,Water,Francesco Granata,Francesco Granata; Stefano Papirio; Giovanni Esposito; Rudy Gargano; Giovanni De Marinis,MDPI AG,2073-4441,188,
10.35940/ijitee.l2864.1081219,,2019,International Journal of Innovative Technology and Exploring Engineering,Dr. A. S. Kote*,Dr. A. S. Kote*; D. V. Wadkar,Blue Eyes Intelligence Engineering and Sciences Engineering and Sciences Publication - BEIESP,2278-3075,7,
10.35208/ert.1106463,,2022,Environmental Research and Technology,Hussein Alnajjar,Hussein Alnajjar; Osman Üçüncü,Environmental Research and Technology,2636-8498,3,
10.37116/revistaenergia.v20.n1.2023.562,,2023,"Revista Técnica ""energía""",Cristopher Izquierdo,Cristopher Izquierdo; Braulio Pezántes; Edy Ayala,Operador Nacional de Electricidad,2602-8492,1,
10.36615/2x3qd014,,2024,"Journal of Digital Food, Energy &amp; Water Systems",Alice Nureen Adhiambo Omondi,Alice Nureen Adhiambo Omondi; Yashon Ouma; Simon Njoroge Mburu; Cleophas Mecha Achisa,University of Johannesburg,2709-4529,2,
10.36001/phmconf.2020.v12i1.1186,,2020,Annual Conference of the PHM Society,Feng Xue,Feng Xue; Weizhong Yan; Tianyi Wang; Hao Huang; Bojun Feng,PHM Society,2325-0178,4,
10.37190/epe240107,,2024,Environment Protection Engineering,Celina Sanchez-Sanchez,Celina Sanchez-Sanchez; Jean Flores-Gomez; Gabriela Moeller-Chávez; Juan Morales-Rivera,Politechnika Wroclawska Oficyna Wydawnicza,0324-8828,0,
10.4025/actascitechnol.v39i1.29353,,2017,Acta Scientiarum. Technology,Fabio Cosme Rodrigues dos Santos,Fabio Cosme Rodrigues dos Santos; André Felipe Henriques Librantz; Cleber Gustavo Dias; Sheila Gozzo Rodrigues,Universidade Estadual de Maringa,1807-8664,17,
10.4236/jamp.2020.812201,,2020,Journal of Applied Mathematics and Physics,Divas Karimanzira,Divas Karimanzira; Thomas Rauschenbach,"Scientific Research Publishing, Inc.",2327-4352,32,
10.4236/gep.2021.97004,,2021,Journal of Geoscience and Environment Protection,Divas Karimanzira,Divas Karimanzira; Thomas Rauschenbach,"Scientific Research Publishing, Inc.",2327-4336,4,
10.4025/actascitechnol.v40i1.37275,,2018,Acta Scientiarum. Technology,André Felipe Librantz,André Felipe Librantz; Fábio Cosme Rodrigues dos Santos; Cleber Gustavo Dias,Universidade Estadual de Maringa,1807-8664,16,
10.4491/eer.2019.261,,2020,Environmental Engineering Research,Muhammad Yaqub,Muhammad Yaqub; Seung Hwan Lee,Korean Society of Environmental Engineering,1226-1025,17,
10.4236/jsea.2016.92002,,2016,Journal of Software Engineering and Applications,Jinwu Ju,Jinwu Ju; Lanying Wang,"Scientific Research Publishing, Inc.",1945-3116,6,
10.3808/jei.201700377,,2018,Journal of Environmental Informatics,L. Li,L. Li; L. Lei; M. S. Zheng; A. G. L. Borthwick; J. R. Ni,International Society for Environmental Information Science (ISEIS),1726-2135,3,
10.4491/eer.2019.324,,2019,Environmental Engineering Research,Yongjun Choi,Yongjun Choi; Younggeun Lee; Kwanghee Shin; Youngkyu Park; Sangho Lee,Korean Society of Environmental Engineering,1226-1025,29,
10.4314/gjpas.v28i1.10,,2022,Global Journal of Pure and Applied Sciences,"HOWARD, C. C.,","HOWARD, C. C.,; ETUK, E. H.,; HOWARD, I. C.,",African Journals Online (AJOL),1118-0579,0,
10.4491/eer.2022.037,,2022,Environmental Engineering Research,Sung Il Yu,Sung Il Yu; Chaeyoung Rhee; Kyung Hwa Cho; Seung Gu Shin,Korean Society of Environmental Engineering,1226-1025,14,
10.46254/na07.20220098,,,Proceedings of the International Conference on Industrial Engineering and Operations Management,,,IEOM Society International,,0,
10.4491/eer.2024.403,,2024,Environmental Engineering Research,Fangqin Liu,Fangqin Liu; Ning Ding; Guanghua Zheng; Jiangrong Xu,Korean Society of Environmental Engineering,1226-1025,6,
10.47392/irjaeh.2024.0194,,2024,International Research Journal on Advanced Engineering Hub (IRJAEH),Nitin T. Sawalkar,Nitin T. Sawalkar; Sagar W. Jadhav; Alpita A. Pawar,RSP Science Hub,2584-2137,2,
10.4995/wdsa-ccwi2022.2022.14703,,2022,Proceedings - 2nd International Join Conference on Water Distribution System Analysis (WDSA)&amp; Computing and Control in the Water Industry (CCWI),Leonid Kadinski,Leonid Kadinski; Jonas Schuster; Gopinathan R. Abhijith; Cao Hao; Anissa Grieb; Thomas Meier; Pu Li; Mathias Ernst; Avi Ostfeld,Editorial Universitat Politècnica de València,,0,
10.48084/etasr.2725,,2019,"Engineering, Technology &amp; Applied Science Research",A. S. Kote,A. S. Kote; D. V. Wadkar,"Engineering, Technology & Applied Science Research",1792-8036,21,
10.4995/wdsa-ccwi2022.2022.14158,,2022,Proceedings - 2nd International Join Conference on Water Distribution System Analysis (WDSA)&amp; Computing and Control in the Water Industry (CCWI),Siddharth Seshan,Siddharth Seshan; Johann Poinapen; Jules B. Van Lier; Zoran Kapelan,Editorial Universitat Politècnica de València,,0,
10.52202/069564-0135,,2023,"36th International Conference on Efficiency, Cost, Optimization, Simulation and Environmental Impact of Energy Systems (ECOS 2023)",Nur Sakinah Ahmad Yasmin,Nur Sakinah Ahmad Yasmin; Norhaliza Abdul Wahabb; Kumerasan A. Danapalasingam; Montserrat Meneses; Ramon Vilanova,ECOS 2023,,1,
10.46488/nept.2024.v23i04.031,,2024,Nature Environment and Pollution Technology,Dnyaneshwar V. Wadkar,Dnyaneshwar V. Wadkar; Ganesh C. Chikute; Pravin S. Patil; Pallavi D. Wadkar; Manasi G. Chikute,Technoscience Publications,2395-3454,0,
10.5194/dwes-11-1-2018,,2018,Drinking Water Engineering and Science,Sadaf Haghiri,Sadaf Haghiri; Amin Daghighi; Sina Moharramzadeh,Copernicus GmbH,1996-9465,56,
10.5004/dwt.2021.27812,,2021,Desalination and Water Treatment,Yueqing Ding,Yueqing Ding; Wei Hong; Jianhua Yang,Elsevier BV,1944-3986,2,
10.5370/kiee.2022.71.8.1176,,2022,The transactions of The Korean Institute of Electrical Engineers,Eui-Seok Nahm,Eui-Seok Nahm,The Korean Institute of Electrical Engineers,1975-8359,1,
10.52783/jes.2019,,2024,Journal of Electrical Systems,Aleefia .A. Khurshid,Aleefia .A. Khurshid,Science Research Society,1112-5209,2,
10.54097/fcis.v3i3.8578,,2023,Frontiers in Computing and Intelligent Systems,Jingxiao Zeng,Jingxiao Zeng,Darcy & Roy Press Co. Ltd.,2832-6024,0,
10.55041/ijsrem52988,,2025,INTERNATIONAL JOURNAL OF SCIENTIFIC RESEARCH IN ENGINEERING AND MANAGEMENT,Nandhini A,Nandhini A; Madhumitha K,Edtech Publishers (OPC) Private Limited,2582-3930,1,
10.53550/pr.2022.v41i04.005,,2022,Pollution Research,SHERIMON PULIPRATHU CHERIAN,SHERIMON PULIPRATHU CHERIAN; ALAA ISMAEEL; MANNA ANN MARIYAM; SIAN GIJO; WINNY ANNA VARKEY; SHERIN JOHN; NISHA JOSEPH,EM International,0257-8050,0,
10.5391/ijfis.2016.16.3.197,,2016,The International Journal of Fuzzy Logic and Intelligent Systems,HoHyun Lee,HoHyun Lee; GangWook Shin; SungTaek Hong; JongWoong Choi; MyungGeun Chun,Korean Institute of Intelligent Systems,1598-2645,3,
10.57001/huih5804.2023.060,,2023,Journal of Science and Technology - HaUI,,,"Hanoi University of Industry, Hanoi",1859-3585,1,
10.54691/fse.v2i8.1717,,2022,Frontiers in Science and Engineering,Guobi Ling,Guobi Ling,Boya Century Publishing,2710-0588,0,
10.5815/ijeme.2018.06.01,,2018,International Journal of Education and Management Engineering,Nor Hana Mamat,Nor Hana Mamat; Saliza Ramli; Nor Arymaswati Abdullah; Samia Khan; Chandima Gomes,MECS Publisher,2305-3623,4,
10.5938/youton.58.2_65,,2021,Nihon Yoton Gakkaishi,Yasuo TANAKA,Yasuo TANAKA,The Japanese Society of Swine Science,0913-882X,0,
10.7717/peerj.15852,,2023,PeerJ,Atef El Jery,Atef El Jery; Hayder Mahmood Salman; Nadhir Al-Ansari; Saad Sh. Sammen; Mohammed Abdul Jaleel Maktoof; Hussein A. Z. AL-bonsrulah,PeerJ,2167-8359,1,
10.1002/cem.3434,,2022,Journal of Chemometrics,Varghese Manappallil Joy,Varghese Manappallil Joy; Shaik Feroz; Susmita Dutta,Wiley,0886-9383,18,
10.1021/acs.est.0c05836,,2020,Environmental Science &amp; Technology,Dongwon Cha,Dongwon Cha; Sanghun Park; Min Sik Kim; Taewan Kim; Seok Won Hong; Kyung Hwa Cho; Changha Lee,American Chemical Society (ACS),0013-936X,52,
10.71170/tecoj.2025.1.3.pp16-35,,2025,Techno-computing Journal,Ismail Aminu Mahmoud,Ismail Aminu Mahmoud; Musa G. Abdullahi; Lurwan Garba,Humans and Machines Design and Development,2814-3205,0,
10.1007/s13201-025-02485-3,,2025,Applied Water Science,Zahra Akbari,Zahra Akbari; Fereshteh Nourmohammadi Dehbalaei; Zahra Mohammad Hosseini; Seyed Taghi Omid Naeeni,Springer Science and Business Media LLC,2190-5487,2,
